chrom,mut_model,elem_type,U
1,carlson,ccds_merged,0.0568160883434292
1,carlson,promoters,0.0470690509299614
1,carlson,enhancers,0.3006066185642633
1,carlson,ccds_lof_d1,0.0065999830872876
1,carlson,ccds_lof_d2,0.0074086210761757
1,carlson,ccds_lof_d3,0.0064578507650998
1,carlson,ccds_lof_d4,0.005435313231729
1,carlson,ccds_lof_d5,0.0045494160010433
1,carlson,ccds_lof_d6,0.0046504979105354
1,carlson,ccds_lof_d7,0.0041792045850634
1,carlson,ccds_lof_d8,0.0048883989987027
1,carlson,ccds_lof_d9,0.0050163949784294
1,carlson,ccds_lof_d10,0.0054621155806357
1,carlson,ccds_lof_d11,0.0022082421865575
1,carlson,phastcons_0-5,0.0994607228172411
1,carlson,phastcons_5-10,0.0879762506205216
1,carlson,phastcons_10-15,0.0752551627109218
1,carlson,phastcons_15-20,0.0702292066522803
1,carlson,phastcons_20-25,0.0684912259806427
1,carlson,phastcons_25-30,0.0695239159739887
1,carlson,phastcons_30-35,0.0680897623811151
1,carlson,phastcons_35-40,0.0719904741099532
1,carlson,phastcons_40-45,0.07283944614523
1,carlson,phastcons_45-50,0.0699954222545979
1,carlson,phastcons_50-55,0.0804975099592789
1,carlson,phastcons_55-60,0.0716385525428087
1,carlson,phastcons_60-65,0.0800671318746216
1,carlson,phastcons_65-70,0.0852497903366419
1,carlson,phastcons_70-75,0.0798746684348708
1,carlson,phastcons_75-80,0.1180225814437413
1,gnomad,ccds_merged,0.0529010306293586
1,gnomad,promoters,0.0472524427275746
1,gnomad,enhancers,0.2389496869449976
1,gnomad,ccds_lof_d1,0.00601536141675
1,gnomad,ccds_lof_d2,0.0069151212534975
1,gnomad,ccds_lof_d3,0.00602345421475
1,gnomad,ccds_lof_d4,0.0051631614171426
1,gnomad,ccds_lof_d5,0.0043143064162923
1,gnomad,ccds_lof_d6,0.004412652006
1,gnomad,ccds_lof_d7,0.0039885104167765
1,gnomad,ccds_lof_d8,0.0044314898046249
1,gnomad,ccds_lof_d9,0.0046098987798037
1,gnomad,ccds_lof_d10,0.0051629309419782
1,gnomad,ccds_lof_d11,0.0019014723580914
1,gnomad,phastcons_0-5,0.0797214718870688
1,gnomad,phastcons_5-10,0.069793416664028
1,gnomad,phastcons_10-15,0.05949276359933
1,gnomad,phastcons_15-20,0.0554482009141347
1,gnomad,phastcons_20-25,0.0540548165032082
1,gnomad,phastcons_25-30,0.0548773581552663
1,gnomad,phastcons_30-35,0.053769049282152
1,gnomad,phastcons_35-40,0.0568614005786424
1,gnomad,phastcons_40-45,0.0575696465825412
1,gnomad,phastcons_45-50,0.0553784933795529
1,gnomad,phastcons_50-55,0.0637353063056597
1,gnomad,phastcons_55-60,0.0567841001084192
1,gnomad,phastcons_60-65,0.0635799081594537
1,gnomad,phastcons_65-70,0.0678484326229792
1,gnomad,phastcons_70-75,0.0637343445437446
1,gnomad,phastcons_75-80,0.0946024071797369
1,roulette,ccds_merged,0.0496105237876909
1,roulette,promoters,0.0354408511082038
1,roulette,enhancers,0.2398692235553798
1,roulette,ccds_lof_d1,0.0057430566077499
1,roulette,ccds_lof_d2,0.0064721709676766
1,roulette,ccds_lof_d3,0.005607837445
1,roulette,ccds_lof_d4,0.0048674790522478
1,roulette,ccds_lof_d5,0.0039566891730212
1,roulette,ccds_lof_d6,0.003945112556
1,roulette,ccds_lof_d7,0.0036882400506553
1,roulette,ccds_lof_d8,0.004164771149773
1,roulette,ccds_lof_d9,0.0044028209562678
1,roulette,ccds_lof_d10,0.0049543906649959
1,roulette,ccds_lof_d11,0.0018496292240957
1,roulette,phastcons_0-5,0.0760695426267256
1,roulette,phastcons_5-10,0.067405592965553
1,roulette,phastcons_10-15,0.0579226077428378
1,roulette,phastcons_15-20,0.0542349105339588
1,roulette,phastcons_20-25,0.05303783006471
1,roulette,phastcons_25-30,0.0539511931418171
1,roulette,phastcons_30-35,0.0529786783841674
1,roulette,phastcons_35-40,0.0561399873838168
1,roulette,phastcons_40-45,0.0569477697853971
1,roulette,phastcons_45-50,0.0548644232189164
1,roulette,phastcons_50-55,0.063289857542512
1,roulette,phastcons_55-60,0.0564829852767894
1,roulette,phastcons_60-65,0.0633168136055983
1,roulette,phastcons_65-70,0.0677247355251379
1,roulette,phastcons_70-75,0.0637865359888524
1,roulette,phastcons_75-80,0.0949785058449559
2,carlson,ccds_merged,0.0402769916941736
2,carlson,promoters,0.0312006335810983
2,carlson,enhancers,0.285605049560475
2,carlson,ccds_lof_d1,0.0044831213466634
2,carlson,ccds_lof_d2,0.0046606943579178
2,carlson,ccds_lof_d3,0.0053887977417743
2,carlson,ccds_lof_d4,0.0064490196642008
2,carlson,ccds_lof_d5,0.0040414048106632
2,carlson,ccds_lof_d6,0.0030876638336822
2,carlson,ccds_lof_d7,0.0020936406990207
2,carlson,ccds_lof_d8,0.0026398693402536
2,carlson,ccds_lof_d9,0.0024247837714749
2,carlson,ccds_lof_d10,0.0042520686119411
2,carlson,ccds_lof_d11,0.0008433107102031
2,carlson,phastcons_0-5,0.1036636854759814
2,carlson,phastcons_5-10,0.0830005933514693
2,carlson,phastcons_10-15,0.0701494423066987
2,carlson,phastcons_15-20,0.0654758000697479
2,carlson,phastcons_20-25,0.0644236990115631
2,carlson,phastcons_25-30,0.0654977300266105
2,carlson,phastcons_30-35,0.0645009999227429
2,carlson,phastcons_35-40,0.068662981369009
2,carlson,phastcons_40-45,0.0695965513762434
2,carlson,phastcons_45-50,0.067104886387589
2,carlson,phastcons_50-55,0.0775284896385627
2,carlson,phastcons_55-60,0.0690094829321648
2,carlson,phastcons_60-65,0.0774581285938651
2,carlson,phastcons_65-70,0.0827591162417156
2,carlson,phastcons_70-75,0.0777273798719693
2,carlson,phastcons_75-80,0.1152927367501179
2,gnomad,ccds_merged,0.0365113227396918
2,gnomad,promoters,0.0318557529980321
2,gnomad,enhancers,0.2245469375365575
2,gnomad,ccds_lof_d1,0.00408191268275
2,gnomad,ccds_lof_d2,0.00429997853075
2,gnomad,ccds_lof_d3,0.004875668616
2,gnomad,ccds_lof_d4,0.0055658519758337
2,gnomad,ccds_lof_d5,0.0035709935270238
2,gnomad,ccds_lof_d6,0.00282448937225
2,gnomad,ccds_lof_d7,0.0019610460717458
2,gnomad,ccds_lof_d8,0.0026119228665497
2,gnomad,ccds_lof_d9,0.0021808476759938
2,gnomad,ccds_lof_d10,0.0038107586851617
2,gnomad,ccds_lof_d11,0.0008259491034166
2,gnomad,phastcons_0-5,0.0811564906076778
2,gnomad,phastcons_5-10,0.0649369712052219
2,gnomad,phastcons_10-15,0.0547501828919293
2,gnomad,phastcons_15-20,0.0510668720316018
2,gnomad,phastcons_20-25,0.0502467621221216
2,gnomad,phastcons_25-30,0.0510872723467413
2,gnomad,phastcons_30-35,0.050334300106777
2,gnomad,phastcons_35-40,0.0535829331035245
2,gnomad,phastcons_40-45,0.0543148792096167
2,gnomad,phastcons_45-50,0.0523910867868356
2,gnomad,phastcons_50-55,0.0605953628890836
2,gnomad,phastcons_55-60,0.0539740705948382
2,gnomad,phastcons_60-65,0.0606537648251745
2,gnomad,phastcons_65-70,0.0649150005218127
2,gnomad,phastcons_70-75,0.0611051632815325
2,gnomad,phastcons_75-80,0.090958308057917
2,roulette,ccds_merged,0.0346541598850262
2,roulette,promoters,0.0237600209365698
2,roulette,enhancers,0.2311030673889231
2,roulette,ccds_lof_d1,0.0038648170225
2,roulette,ccds_lof_d2,0.00402817645125
2,roulette,ccds_lof_d3,0.0046678704572499
2,roulette,ccds_lof_d4,0.0053976349995703
2,roulette,ccds_lof_d5,0.0033668079585096
2,roulette,ccds_lof_d6,0.0025697595927499
2,roulette,ccds_lof_d7,0.0018153745491847
2,roulette,ccds_lof_d8,0.0024086193625664
2,roulette,ccds_lof_d9,0.0021079799402683
2,roulette,ccds_lof_d10,0.0037474188233038
2,roulette,ccds_lof_d11,0.0007620219133333
2,roulette,phastcons_0-5,0.0803650459570276
2,roulette,phastcons_5-10,0.0647992106816369
2,roulette,phastcons_10-15,0.0549851226680062
2,roulette,phastcons_15-20,0.051474136261167
2,roulette,phastcons_20-25,0.0507933591754988
2,roulette,phastcons_25-30,0.0517391690595372
2,roulette,phastcons_30-35,0.0510605360850602
2,roulette,phastcons_35-40,0.0544213141311991
2,roulette,phastcons_40-45,0.0552764519070292
2,roulette,phastcons_45-50,0.0533902052809416
2,roulette,phastcons_50-55,0.0618298664629076
2,roulette,phastcons_55-60,0.055180545412216
2,roulette,phastcons_60-65,0.0621073828956005
2,roulette,phastcons_65-70,0.0665713828759639
2,roulette,phastcons_70-75,0.062813599009205
2,roulette,phastcons_75-80,0.0937626571243929
3,carlson,ccds_merged,0.0318676788125339
3,carlson,promoters,0.0259308983885263
3,carlson,enhancers,0.2376360371325608
3,carlson,ccds_lof_d1,0.0029414252115273
3,carlson,ccds_lof_d2,0.0052392173125962
3,carlson,ccds_lof_d3,0.0037534222002578
3,carlson,ccds_lof_d4,0.0033255138843525
3,carlson,ccds_lof_d5,0.003450673880292
3,carlson,ccds_lof_d6,0.0020343757662245
3,carlson,ccds_lof_d7,0.0024163623029882
3,carlson,ccds_lof_d8,0.0022362943367954
3,carlson,ccds_lof_d9,0.0022208120622201
3,carlson,ccds_lof_d10,0.0038431743743171
3,carlson,ccds_lof_d11,0.0005830416444094
3,carlson,phastcons_0-5,0.0782641863511234
3,carlson,phastcons_5-10,0.0694466380457779
3,carlson,phastcons_10-15,0.059304238502038
3,carlson,phastcons_15-20,0.0556748595852029
3,carlson,phastcons_20-25,0.0545066283899068
3,carlson,phastcons_25-30,0.0554544405124928
3,carlson,phastcons_30-35,0.0545998504088035
3,carlson,phastcons_35-40,0.0580402300228626
3,carlson,phastcons_40-45,0.058625677911927
3,carlson,phastcons_45-50,0.0566477054614119
3,carlson,phastcons_50-55,0.0651398667641359
3,carlson,phastcons_55-60,0.0579255414055316
3,carlson,phastcons_60-65,0.0644985837095968
3,carlson,phastcons_65-70,0.0684502729061
3,carlson,phastcons_70-75,0.0637973477021939
3,carlson,phastcons_75-80,0.0933650999475428
3,gnomad,ccds_merged,0.0285080355839856
3,gnomad,promoters,0.0262821747743091
3,gnomad,enhancers,0.1839800189443034
3,gnomad,ccds_lof_d1,0.0026324131575
3,gnomad,ccds_lof_d2,0.0047624032435
3,gnomad,ccds_lof_d3,0.00328579885375
3,gnomad,ccds_lof_d4,0.0029972887577499
3,gnomad,ccds_lof_d5,0.0031449814955595
3,gnomad,ccds_lof_d6,0.0019057381682499
3,gnomad,ccds_lof_d7,0.00215909800225
3,gnomad,ccds_lof_d8,0.0019484710384999
3,gnomad,ccds_lof_d9,0.00199685238375
3,gnomad,ccds_lof_d10,0.003275465946321
3,gnomad,ccds_lof_d11,0.00055816935825
3,gnomad,phastcons_0-5,0.0611217721180239
3,gnomad,phastcons_5-10,0.0540766327299048
3,gnomad,phastcons_10-15,0.0460675376857024
3,gnomad,phastcons_15-20,0.0431942244915033
3,gnomad,phastcons_20-25,0.0422467580939676
3,gnomad,phastcons_25-30,0.0429734657914874
3,gnomad,phastcons_30-35,0.0422849247909248
3,gnomad,phastcons_35-40,0.0449469051358526
3,gnomad,phastcons_40-45,0.0453983820151041
3,gnomad,phastcons_45-50,0.0438710043329105
3,gnomad,phastcons_50-55,0.0504652969894615
3,gnomad,phastcons_55-60,0.0449055451680303
3,gnomad,phastcons_60-65,0.0500257856747722
3,gnomad,phastcons_65-70,0.0531343821711211
3,gnomad,phastcons_70-75,0.049597832168133
3,gnomad,phastcons_75-80,0.0727477754397049
3,roulette,ccds_merged,0.027003747511713
3,roulette,promoters,0.0192762105081428
3,roulette,enhancers,0.1886220970356245
3,roulette,ccds_lof_d1,0.00253086733025
3,roulette,ccds_lof_d2,0.00449653104775
3,roulette,ccds_lof_d3,0.003127347559
3,roulette,ccds_lof_d4,0.0028135113859999
3,roulette,ccds_lof_d5,0.002984233307148
3,roulette,ccds_lof_d6,0.00171966085725
3,roulette,ccds_lof_d7,0.00203430151925
3,roulette,ccds_lof_d8,0.0018605974642499
3,roulette,ccds_lof_d9,0.00186430657875
3,roulette,ccds_lof_d10,0.0032278136499298
3,roulette,ccds_lof_d11,0.000499596804
3,roulette,phastcons_0-5,0.0601915073139638
3,roulette,phastcons_5-10,0.0534728013209224
3,roulette,phastcons_10-15,0.0458575065294373
3,roulette,phastcons_15-20,0.0431938073515082
3,roulette,phastcons_20-25,0.0423588273426064
3,roulette,phastcons_25-30,0.0431930621883698
3,roulette,phastcons_30-35,0.0426132654671717
3,roulette,phastcons_35-40,0.0453876693086653
3,roulette,phastcons_40-45,0.0459419516695646
3,roulette,phastcons_45-50,0.0444844395032034
3,roulette,phastcons_50-55,0.0512671700049841
3,roulette,phastcons_55-60,0.0457223236462997
3,roulette,phastcons_60-65,0.0510277786348556
3,roulette,phastcons_65-70,0.0543200171204948
3,roulette,phastcons_70-75,0.0508422999153155
3,roulette,phastcons_75-80,0.0748555970838485
4,carlson,ccds_merged,0.0218040598995292
4,carlson,promoters,0.0164968623835951
4,carlson,enhancers,0.194870038894291
4,carlson,ccds_lof_d1,0.0021654569400568
4,carlson,ccds_lof_d2,0.0027647437257556
4,carlson,ccds_lof_d3,0.003074980477774
4,carlson,ccds_lof_d4,0.0022773763455123
4,carlson,ccds_lof_d5,0.0019180280206524
4,carlson,ccds_lof_d6,0.0017971684955598
4,carlson,ccds_lof_d7,0.0016704319231619
4,carlson,ccds_lof_d8,0.0016855010548142
4,carlson,ccds_lof_d9,0.0015464041684273
4,carlson,ccds_lof_d10,0.0023679758784122
4,carlson,ccds_lof_d11,0.0005917304655653
4,carlson,phastcons_0-5,0.0497588719370293
4,carlson,phastcons_5-10,0.0480884283239425
4,carlson,phastcons_10-15,0.0430715245405509
4,carlson,phastcons_15-20,0.0415127626995358
4,carlson,phastcons_20-25,0.0416284854741389
4,carlson,phastcons_25-30,0.0429465094877601
4,carlson,phastcons_30-35,0.0427748625967268
4,carlson,phastcons_35-40,0.0459575248176232
4,carlson,phastcons_40-45,0.0468836906186906
4,carlson,phastcons_45-50,0.0454918710116069
4,carlson,phastcons_50-55,0.0527847527856866
4,carlson,phastcons_55-60,0.0472875050340611
4,carlson,phastcons_60-65,0.0530050481600335
4,carlson,phastcons_65-70,0.0567115401129493
4,carlson,phastcons_70-75,0.0532810648033104
4,carlson,phastcons_75-80,0.0790017702565312
4,gnomad,ccds_merged,0.0193551096089448
4,gnomad,promoters,0.0166538215436247
4,gnomad,enhancers,0.1476141442607806
4,gnomad,ccds_lof_d1,0.001919246515996
4,gnomad,ccds_lof_d2,0.00239645605675
4,gnomad,ccds_lof_d3,0.0028501845250394
4,gnomad,ccds_lof_d4,0.0020305802755
4,gnomad,ccds_lof_d5,0.001643439004855
4,gnomad,ccds_lof_d6,0.00158138537725
4,gnomad,ccds_lof_d7,0.0014765302401904
4,gnomad,ccds_lof_d8,0.0014477415289927
4,gnomad,ccds_lof_d9,0.00138804909075
4,gnomad,ccds_lof_d10,0.00212258682825
4,gnomad,ccds_lof_d11,0.0005589055469719
4,gnomad,phastcons_0-5,0.0379873385811458
4,gnomad,phastcons_5-10,0.0365981931182223
4,gnomad,phastcons_10-15,0.0327001660220065
4,gnomad,phastcons_15-20,0.0314929360963367
4,gnomad,phastcons_20-25,0.0315462074487026
4,gnomad,phastcons_25-30,0.032560971147665
4,gnomad,phastcons_30-35,0.0324079331441462
4,gnomad,phastcons_35-40,0.0348225950469915
4,gnomad,phastcons_40-45,0.0355271926492847
4,gnomad,phastcons_45-50,0.0344838317500179
4,gnomad,phastcons_50-55,0.0400239505413076
4,gnomad,phastcons_55-60,0.0358730282428988
4,gnomad,phastcons_60-65,0.0402608185218738
4,gnomad,phastcons_65-70,0.0431446448724331
4,gnomad,phastcons_70-75,0.040624651398337
4,gnomad,phastcons_75-80,0.0604831716840818
4,roulette,ccds_merged,0.0183185709883338
4,roulette,promoters,0.0121622531065986
4,roulette,enhancers,0.1523108854684364
4,roulette,ccds_lof_d1,0.0018108710017758
4,roulette,ccds_lof_d2,0.00226436720475
4,roulette,ccds_lof_d3,0.0026487814167373
4,roulette,ccds_lof_d4,0.001931549466
4,roulette,ccds_lof_d5,0.0015384681004996
4,roulette,ccds_lof_d6,0.0014854966525
4,roulette,ccds_lof_d7,0.0013918438652709
4,roulette,ccds_lof_d8,0.0013815444311502
4,roulette,ccds_lof_d9,0.001321065739
4,roulette,ccds_lof_d10,0.00208261511325
4,roulette,ccds_lof_d11,0.0005132000131013
4,roulette,phastcons_0-5,0.0372593808821103
4,roulette,phastcons_5-10,0.0362323489833088
4,roulette,phastcons_10-15,0.0326543945024464
4,roulette,phastcons_15-20,0.0316164472995401
4,roulette,phastcons_20-25,0.0317850430572171
4,roulette,phastcons_25-30,0.0328787702024933
4,roulette,phastcons_30-35,0.0328314629773715
4,roulette,phastcons_35-40,0.0353515178157631
4,roulette,phastcons_40-45,0.0361526182719774
4,roulette,phastcons_45-50,0.0351910145077014
4,roulette,phastcons_50-55,0.0409419880632794
4,roulette,phastcons_55-60,0.0367894179170058
4,roulette,phastcons_60-65,0.0413718919493551
4,roulette,phastcons_65-70,0.044462684930666
4,roulette,phastcons_70-75,0.0419809778786729
4,roulette,phastcons_75-80,0.0627278758129948
5,carlson,ccds_merged,0.025681003957722
5,carlson,promoters,0.0208607412773805
5,carlson,enhancers,0.2098663313046194
5,carlson,ccds_lof_d1,0.0032606551685582
5,carlson,ccds_lof_d2,0.0039174394530348
5,carlson,ccds_lof_d3,0.0030170491079452
5,carlson,ccds_lof_d4,0.0025634035070575
5,carlson,ccds_lof_d5,0.0024995535540939
5,carlson,ccds_lof_d6,0.0023145572277437
5,carlson,ccds_lof_d7,0.0013871405218358
5,carlson,ccds_lof_d8,0.0021706781103966
5,carlson,ccds_lof_d9,0.0025899588566833
5,carlson,ccds_lof_d10,0.0016777419820599
5,carlson,ccds_lof_d11,0.0005636184074887
5,carlson,phastcons_0-5,0.0708953351660935
5,carlson,phastcons_5-10,0.0580115028014895
5,carlson,phastcons_10-15,0.0492149194814416
5,carlson,phastcons_15-20,0.0462339683404778
5,carlson,phastcons_20-25,0.0455361290103707
5,carlson,phastcons_25-30,0.0465237832875488
5,carlson,phastcons_30-35,0.0457200745429459
5,carlson,phastcons_35-40,0.0487920284075949
5,carlson,phastcons_40-45,0.0494005563764535
5,carlson,phastcons_45-50,0.0476335131622513
5,carlson,phastcons_50-55,0.0547568629475259
5,carlson,phastcons_55-60,0.0488390892410251
5,carlson,phastcons_60-65,0.0544770584465082
5,carlson,phastcons_65-70,0.0579915433127329
5,carlson,phastcons_70-75,0.0541985796209293
5,carlson,phastcons_75-80,0.0800123972685421
5,gnomad,ccds_merged,0.0238744046323376
5,gnomad,promoters,0.02142029046675
5,gnomad,enhancers,0.1624696253382567
5,gnomad,ccds_lof_d1,0.0029586666375
5,gnomad,ccds_lof_d2,0.00368826584175
5,gnomad,ccds_lof_d3,0.0027707844535
5,gnomad,ccds_lof_d4,0.0024295099885
5,gnomad,ccds_lof_d5,0.0022995089915
5,gnomad,ccds_lof_d6,0.0020279252252462
5,gnomad,ccds_lof_d7,0.0013358479538841
5,gnomad,ccds_lof_d8,0.0019932591670037
5,gnomad,ccds_lof_d9,0.00251557331025
5,gnomad,ccds_lof_d10,0.001562255678819
5,gnomad,ccds_lof_d11,0.0005419016664386
5,gnomad,phastcons_0-5,0.0554104276398251
5,gnomad,phastcons_5-10,0.04508508266748
5,gnomad,phastcons_10-15,0.038126674823406
5,gnomad,phastcons_15-20,0.035755257985897
5,gnomad,phastcons_20-25,0.035209713889627
5,gnomad,phastcons_25-30,0.0359532506427758
5,gnomad,phastcons_30-35,0.0353449453442444
5,gnomad,phastcons_35-40,0.0377026313390239
5,gnomad,phastcons_40-45,0.0381864265775071
5,gnomad,phastcons_45-50,0.0368351653512397
5,gnomad,phastcons_50-55,0.0423769393919248
5,gnomad,phastcons_55-60,0.03781882980156
5,gnomad,phastcons_60-65,0.0422322198618887
5,gnomad,phastcons_65-70,0.0450166401522425
5,gnomad,phastcons_70-75,0.0421833293178218
5,gnomad,phastcons_75-80,0.0624714771053992
5,roulette,ccds_merged,0.0216886640628987
5,roulette,promoters,0.0155488096645
5,roulette,enhancers,0.1666939849064063
5,roulette,ccds_lof_d1,0.00275406369875
5,roulette,ccds_lof_d2,0.003417349908
5,roulette,ccds_lof_d3,0.0026074172599999
5,roulette,ccds_lof_d4,0.0022270796065
5,roulette,ccds_lof_d5,0.002149403382
5,roulette,ccds_lof_d6,0.0018592128139952
5,roulette,ccds_lof_d7,0.0011648556619735
5,roulette,ccds_lof_d8,0.0017832352771497
5,roulette,ccds_lof_d9,0.001995463204
5,roulette,ccds_lof_d10,0.0014654664792184
5,roulette,ccds_lof_d11,0.0005070476968087
5,roulette,phastcons_0-5,0.0543129546530857
5,roulette,phastcons_5-10,0.044663159732035
5,roulette,phastcons_10-15,0.0380510152038506
5,roulette,phastcons_15-20,0.0358439351327988
5,roulette,phastcons_20-25,0.0353982891606532
5,roulette,phastcons_25-30,0.036223329636825
5,roulette,phastcons_30-35,0.0356813860307909
5,roulette,phastcons_35-40,0.0381437806059449
5,roulette,phastcons_40-45,0.0386905310662061
5,roulette,phastcons_45-50,0.0373860037646169
5,roulette,phastcons_50-55,0.0430832173725005
5,roulette,phastcons_55-60,0.0385027590760365
5,roulette,phastcons_60-65,0.0430831841609524
5,roulette,phastcons_65-70,0.0460061906347813
5,roulette,phastcons_70-75,0.043173770943416
5,roulette,phastcons_75-80,0.0641346080753068
6,carlson,ccds_merged,0.0278318581804766
6,carlson,promoters,0.0248832871689758
6,carlson,enhancers,0.2268071240080989
6,carlson,ccds_lof_d1,0.0030628650021808
6,carlson,ccds_lof_d2,0.0034986853325652
6,carlson,ccds_lof_d3,0.0038724790096147
6,carlson,ccds_lof_d4,0.0029510706471883
6,carlson,ccds_lof_d5,0.002632133316314
6,carlson,ccds_lof_d6,0.0025312260316184
6,carlson,ccds_lof_d7,0.001733997676654
6,carlson,ccds_lof_d8,0.0023703456252012
6,carlson,ccds_lof_d9,0.0020920794188821
6,carlson,ccds_lof_d10,0.0026997480310032
6,carlson,ccds_lof_d11,0.0005555405422857
6,carlson,phastcons_0-5,0.0639095199469114
6,carlson,phastcons_5-10,0.0566803383275826
6,carlson,phastcons_10-15,0.0490329712482378
6,carlson,phastcons_15-20,0.0466269857552723
6,carlson,phastcons_20-25,0.0463253745680073
6,carlson,phastcons_25-30,0.0474502769227284
6,carlson,phastcons_30-35,0.0469150882795304
6,carlson,phastcons_35-40,0.0501301271186584
6,carlson,phastcons_40-45,0.0508621880799029
6,carlson,phastcons_45-50,0.049104874156895
6,carlson,phastcons_50-55,0.0567622147512495
6,carlson,phastcons_55-60,0.0506439636778429
6,carlson,phastcons_60-65,0.0567425732121889
6,carlson,phastcons_65-70,0.0605329570260392
6,carlson,phastcons_70-75,0.0568464651104012
6,carlson,phastcons_75-80,0.0838394596457779
6,gnomad,ccds_merged,0.025433501924872
6,gnomad,promoters,0.0249735106132455
6,gnomad,enhancers,0.1774301726034012
6,gnomad,ccds_lof_d1,0.0029352740339999
6,gnomad,ccds_lof_d2,0.00323401903475
6,gnomad,ccds_lof_d3,0.003601083787
6,gnomad,ccds_lof_d4,0.0025894699698441
6,gnomad,ccds_lof_d5,0.0024512155919789
6,gnomad,ccds_lof_d6,0.0022850825536155
6,gnomad,ccds_lof_d7,0.0015905636282958
6,gnomad,ccds_lof_d8,0.0021439505828362
6,gnomad,ccds_lof_d9,0.0018353492605212
6,gnomad,ccds_lof_d10,0.0022860765708089
6,gnomad,ccds_lof_d11,0.0006508268305
6,gnomad,phastcons_0-5,0.0501291607193153
6,gnomad,phastcons_5-10,0.0441710430312937
6,gnomad,phastcons_10-15,0.0380729689037385
6,gnomad,phastcons_15-20,0.036124020276782
6,gnomad,phastcons_20-25,0.0358711514624157
6,gnomad,phastcons_25-30,0.0367368523804546
6,gnomad,phastcons_30-35,0.0363340536721644
6,gnomad,phastcons_35-40,0.0388358060434639
6,gnomad,phastcons_40-45,0.0393690141937165
6,gnomad,phastcons_45-50,0.0380384489143621
6,gnomad,phastcons_50-55,0.0439894441973919
6,gnomad,phastcons_55-60,0.039273050974305
6,gnomad,phastcons_60-65,0.0440489173341963
6,gnomad,phastcons_65-70,0.0470826839014701
6,gnomad,phastcons_70-75,0.04430110719546
6,gnomad,phastcons_75-80,0.0655456257890195
6,roulette,ccds_merged,0.0232578077206343
6,roulette,promoters,0.0182425599616821
6,roulette,enhancers,0.1794621159365406
6,roulette,ccds_lof_d1,0.0027126763125
6,roulette,ccds_lof_d2,0.00299671036
6,roulette,ccds_lof_d3,0.003309788328
6,roulette,ccds_lof_d4,0.0024096121133236
6,roulette,ccds_lof_d5,0.0021995373266931
6,roulette,ccds_lof_d6,0.002064010358331
6,roulette,ccds_lof_d7,0.0014104150019479
6,roulette,ccds_lof_d8,0.0019199154340068
6,roulette,ccds_lof_d9,0.001698006787392
6,roulette,ccds_lof_d10,0.0022395248405423
6,roulette,ccds_lof_d11,0.0004395824422499
6,roulette,phastcons_0-5,0.0483662648983625
6,roulette,phastcons_5-10,0.0430693627436205
6,roulette,phastcons_10-15,0.0373662748859664
6,roulette,phastcons_15-20,0.0356376269249849
6,roulette,phastcons_20-25,0.0354919969689993
6,roulette,phastcons_25-30,0.0364415957781487
6,roulette,phastcons_30-35,0.0361090830431212
6,roulette,phastcons_35-40,0.0386564954910141
6,roulette,phastcons_40-45,0.0392757277299437
6,roulette,phastcons_45-50,0.0380192300362054
6,roulette,phastcons_50-55,0.0440449739569592
6,roulette,phastcons_55-60,0.0393748485049074
6,roulette,phastcons_60-65,0.0442455078736049
6,roulette,phastcons_65-70,0.047391706688056
6,roulette,phastcons_70-75,0.0446827140422141
6,roulette,phastcons_75-80,0.0663108398314481
7,carlson,ccds_merged,0.0261389610661187
7,carlson,promoters,0.020494027001525
7,carlson,enhancers,0.1827064887553595
7,carlson,ccds_lof_d1,0.002799761121826
7,carlson,ccds_lof_d2,0.0036176880836333
7,carlson,ccds_lof_d3,0.003494389798983
7,carlson,ccds_lof_d4,0.0025019291893537
7,carlson,ccds_lof_d5,0.00237659828972
7,carlson,ccds_lof_d6,0.0016476702449527
7,carlson,ccds_lof_d7,0.0019667772044464
7,carlson,ccds_lof_d8,0.0019088375089388
7,carlson,ccds_lof_d9,0.0018932567984983
7,carlson,ccds_lof_d10,0.0030376320709739
7,carlson,ccds_lof_d11,0.0010120198056064
7,carlson,phastcons_0-5,0.0557044158470023
7,carlson,phastcons_5-10,0.0478620237849117
7,carlson,phastcons_10-15,0.041440388324255
7,carlson,phastcons_15-20,0.0392080645524563
7,carlson,phastcons_20-25,0.038855309849978
7,carlson,phastcons_25-30,0.0397617977238
7,carlson,phastcons_30-35,0.0392196292933182
7,carlson,phastcons_35-40,0.0419810518130995
7,carlson,phastcons_40-45,0.0426157256501083
7,carlson,phastcons_45-50,0.0412168893008472
7,carlson,phastcons_50-55,0.0476552489227675
7,carlson,phastcons_55-60,0.0426277459390243
7,carlson,phastcons_60-65,0.0477651508622108
7,carlson,phastcons_65-70,0.0511562360705949
7,carlson,phastcons_70-75,0.0482059044582404
7,carlson,phastcons_75-80,0.0716067507612127
7,gnomad,ccds_merged,0.024986559733775
7,gnomad,promoters,0.0211262756271709
7,gnomad,enhancers,0.1428350888358298
7,gnomad,ccds_lof_d1,0.00269808167825
7,gnomad,ccds_lof_d2,0.003565817206
7,gnomad,ccds_lof_d3,0.0033652769475415
7,gnomad,ccds_lof_d4,0.0024474620607066
7,gnomad,ccds_lof_d5,0.0022514982689376
7,gnomad,ccds_lof_d6,0.0015088662269081
7,gnomad,ccds_lof_d7,0.0018908844144143
7,gnomad,ccds_lof_d8,0.0018088423839707
7,gnomad,ccds_lof_d9,0.0018642392108482
7,gnomad,ccds_lof_d10,0.0025863724966747
7,gnomad,ccds_lof_d11,0.0011363884511925
7,gnomad,phastcons_0-5,0.043649806259821
7,gnomad,phastcons_5-10,0.0372614568346451
7,gnomad,phastcons_10-15,0.032150345257362
7,gnomad,phastcons_15-20,0.0304029890817122
7,gnomad,phastcons_20-25,0.0301377246684697
7,gnomad,phastcons_25-30,0.0308258596518033
7,gnomad,phastcons_30-35,0.0304370344195383
7,gnomad,phastcons_35-40,0.0326145087986607
7,gnomad,phastcons_40-45,0.0331458238919925
7,gnomad,phastcons_45-50,0.0320849191327475
7,gnomad,phastcons_50-55,0.0371322169489277
7,gnomad,phastcons_55-60,0.0332782723126834
7,gnomad,phastcons_60-65,0.037354854736537
7,gnomad,phastcons_65-70,0.0401180055357538
7,gnomad,phastcons_70-75,0.0379664568658893
7,gnomad,phastcons_75-80,0.0567410599518769
7,roulette,ccds_merged,0.0237356803433941
7,roulette,promoters,0.015853462990068
7,roulette,enhancers,0.1475118651263072
7,roulette,ccds_lof_d1,0.00263028932075
7,roulette,ccds_lof_d2,0.003287391947
7,roulette,ccds_lof_d3,0.0031585028452081
7,roulette,ccds_lof_d4,0.0023333998806397
7,roulette,ccds_lof_d5,0.0021171495439689
7,roulette,ccds_lof_d6,0.0014304104899671
7,roulette,ccds_lof_d7,0.0018055861361252
7,roulette,ccds_lof_d8,0.001745001019325
7,roulette,ccds_lof_d9,0.0017048157941524
7,roulette,ccds_lof_d10,0.0025969124223565
7,roulette,ccds_lof_d11,0.0010554095637537
7,roulette,phastcons_0-5,0.0429575255205989
7,roulette,phastcons_5-10,0.0370791603016625
7,roulette,phastcons_10-15,0.0322558952274884
7,roulette,phastcons_15-20,0.0306307902978598
7,roulette,phastcons_20-25,0.0304443922539587
7,roulette,phastcons_25-30,0.0312149175858791
7,roulette,phastcons_30-35,0.0308888650133574
7,roulette,phastcons_35-40,0.0331320692626521
7,roulette,phastcons_40-45,0.0337238739112529
7,roulette,phastcons_45-50,0.032712348344123
7,roulette,phastcons_50-55,0.0379202543280406
7,roulette,phastcons_55-60,0.0340387059693952
7,roulette,phastcons_60-65,0.0382821370214779
7,roulette,phastcons_65-70,0.0411790392874021
7,roulette,phastcons_70-75,0.0390497120938209
7,roulette,phastcons_75-80,0.0584793493833041
8,carlson,ccds_merged,0.018507549313231
8,carlson,promoters,0.016930427650283
8,carlson,enhancers,0.1691224313943228
8,carlson,ccds_lof_d1,0.0023680418933295
8,carlson,ccds_lof_d2,0.0022380907838181
8,carlson,ccds_lof_d3,0.0019092370335693
8,carlson,ccds_lof_d4,0.0023779561775719
8,carlson,ccds_lof_d5,0.0017050206730805
8,carlson,ccds_lof_d6,0.0013901969497696
8,carlson,ccds_lof_d7,0.0011660811237833
8,carlson,ccds_lof_d8,0.0011328805828534
8,carlson,ccds_lof_d9,0.0011509460215742
8,carlson,ccds_lof_d10,0.0022380194772468
8,carlson,ccds_lof_d11,0.000782381232207
8,carlson,phastcons_0-5,0.0461173529563316
8,carlson,phastcons_5-10,0.040373385279409
8,carlson,phastcons_10-15,0.0354329666283237
8,carlson,phastcons_15-20,0.0340560131606901
8,carlson,phastcons_20-25,0.034295121665161
8,carlson,phastcons_25-30,0.0356633124660657
8,carlson,phastcons_30-35,0.0356869866008958
8,carlson,phastcons_35-40,0.0384537726076695
8,carlson,phastcons_40-45,0.0395342626996208
8,carlson,phastcons_45-50,0.0385729678662659
8,carlson,phastcons_50-55,0.0451108585276585
8,carlson,phastcons_55-60,0.0406662035646942
8,carlson,phastcons_60-65,0.0459724686942257
8,carlson,phastcons_65-70,0.0495338994007287
8,carlson,phastcons_70-75,0.0469668035452395
8,carlson,phastcons_75-80,0.0702110416174022
8,gnomad,ccds_merged,0.0180104464911129
8,gnomad,promoters,0.0173915490921137
8,gnomad,enhancers,0.1317653550579329
8,gnomad,ccds_lof_d1,0.00215329463825
8,gnomad,ccds_lof_d2,0.00211515215625
8,gnomad,ccds_lof_d3,0.00177188747925
8,gnomad,ccds_lof_d4,0.00243939695125
8,gnomad,ccds_lof_d5,0.0016290960509462
8,gnomad,ccds_lof_d6,0.0013925481289999
8,gnomad,ccds_lof_d7,0.0011211373642889
8,gnomad,ccds_lof_d8,0.0010886150472666
8,gnomad,ccds_lof_d9,0.0011436630840148
8,gnomad,ccds_lof_d10,0.0020207193662789
8,gnomad,ccds_lof_d11,0.0012041733135806
8,gnomad,phastcons_0-5,0.0357361988490426
8,gnomad,phastcons_5-10,0.0312631311007023
8,gnomad,phastcons_10-15,0.0273561109731507
8,gnomad,phastcons_15-20,0.0262805993065553
8,gnomad,phastcons_20-25,0.0264539572364228
8,gnomad,phastcons_25-30,0.0275084820652001
8,gnomad,phastcons_30-35,0.0275212814902402
8,gnomad,phastcons_35-40,0.0296837157897409
8,gnomad,phastcons_40-45,0.0305156037836225
8,gnomad,phastcons_45-50,0.0297979332492127
8,gnomad,phastcons_50-55,0.0349080087081875
8,gnomad,phastcons_55-60,0.031484503689193
8,gnomad,phastcons_60-65,0.0356477453725355
8,gnomad,phastcons_65-70,0.0384910741027282
8,gnomad,phastcons_70-75,0.0365874669956248
8,gnomad,phastcons_75-80,0.0549531718061548
8,roulette,ccds_merged,0.0173808995367994
8,roulette,promoters,0.0133085961570716
8,roulette,enhancers,0.1406371974473693
8,roulette,ccds_lof_d1,0.002078384441
8,roulette,ccds_lof_d2,0.00205794178275
8,roulette,ccds_lof_d3,0.00167064965375
8,roulette,ccds_lof_d4,0.00237212092425
8,roulette,ccds_lof_d5,0.0016016854853895
8,roulette,ccds_lof_d6,0.0012820839535
8,roulette,ccds_lof_d7,0.0010044385020335
8,roulette,ccds_lof_d8,0.0010422644113568
8,roulette,ccds_lof_d9,0.0011567817965834
8,roulette,ccds_lof_d10,0.0020539319637863
8,roulette,ccds_lof_d11,0.0011260563748539
8,roulette,phastcons_0-5,0.0357636574933502
8,roulette,phastcons_5-10,0.0316365835982736
8,roulette,phastcons_10-15,0.0280018079878619
8,roulette,phastcons_15-20,0.0270581827980604
8,roulette,phastcons_20-25,0.0273842431585863
8,roulette,phastcons_25-30,0.0286058323304807
8,roulette,phastcons_30-35,0.0287375159310123
8,roulette,phastcons_35-40,0.031092285215003
8,roulette,phastcons_40-45,0.0320744779561461
8,roulette,phastcons_45-50,0.0314196284816443
8,roulette,phastcons_50-55,0.0369072917144225
8,roulette,phastcons_55-60,0.033378648604437
8,roulette,phastcons_60-65,0.0378970634697594
8,roulette,phastcons_65-70,0.0410147419086036
8,roulette,phastcons_70-75,0.0390991231621938
8,roulette,phastcons_75-80,0.0588784965509288
9,carlson,ccds_merged,0.0224878294621035
9,carlson,promoters,0.0194066889171526
9,carlson,enhancers,0.1450021788739477
9,carlson,ccds_lof_d1,0.0032278163047637
9,carlson,ccds_lof_d2,0.0021700437859171
9,carlson,ccds_lof_d3,0.0026253814024534
9,carlson,ccds_lof_d4,0.0024490868671963
9,carlson,ccds_lof_d5,0.0026376191579795
9,carlson,ccds_lof_d6,0.001923993765245
9,carlson,ccds_lof_d7,0.001887811147639
9,carlson,ccds_lof_d8,0.0017572064187495
9,carlson,ccds_lof_d9,0.0016067523715599
9,carlson,ccds_lof_d10,0.0013733980139076
9,carlson,ccds_lof_d11,0.000848486067362
9,carlson,phastcons_0-5,0.0502870965600712
9,carlson,phastcons_5-10,0.0410481375821078
9,carlson,phastcons_10-15,0.035186923358178
9,carlson,phastcons_15-20,0.0329430570399231
9,carlson,phastcons_20-25,0.0323671234761596
9,carlson,phastcons_25-30,0.0328596975414905
9,carlson,phastcons_30-35,0.0322034108308067
9,carlson,phastcons_35-40,0.0343225678790367
9,carlson,phastcons_40-45,0.0348051345467391
9,carlson,phastcons_45-50,0.0336224070639102
9,carlson,phastcons_50-55,0.0387614865756348
9,carlson,phastcons_55-60,0.0345976629819939
9,carlson,phastcons_60-65,0.0387614535232288
9,carlson,phastcons_65-70,0.0415024998794083
9,carlson,phastcons_70-75,0.0390444952761294
9,carlson,phastcons_75-80,0.0581173013328142
9,gnomad,ccds_merged,0.0218838575326224
9,gnomad,promoters,0.02004881434675
9,gnomad,enhancers,0.1137363563455289
9,gnomad,ccds_lof_d1,0.0030421164865
9,gnomad,ccds_lof_d2,0.0022883197000497
9,gnomad,ccds_lof_d3,0.002413524043
9,gnomad,ccds_lof_d4,0.0023432818814999
9,gnomad,ccds_lof_d5,0.002540342
9,gnomad,ccds_lof_d6,0.0019332132113531
9,gnomad,ccds_lof_d7,0.0018013788466959
9,gnomad,ccds_lof_d8,0.00174135191475
9,gnomad,ccds_lof_d9,0.0015296505465494
9,gnomad,ccds_lof_d10,0.00140790685525
9,gnomad,ccds_lof_d11,0.0008974809436889
9,gnomad,phastcons_0-5,0.0396390210652441
9,gnomad,phastcons_5-10,0.0321962601200682
9,gnomad,phastcons_10-15,0.027538995671752
9,gnomad,phastcons_15-20,0.0257553569086459
9,gnomad,phastcons_20-25,0.025339698890241
9,gnomad,phastcons_25-30,0.0257300505775334
9,gnomad,phastcons_30-35,0.0252224413067445
9,gnomad,phastcons_35-40,0.0268923748426164
9,gnomad,phastcons_40-45,0.0273259947914251
9,gnomad,phastcons_45-50,0.0264374715374538
9,gnomad,phastcons_50-55,0.0305167214971518
9,gnomad,phastcons_55-60,0.0273155092168554
9,gnomad,phastcons_60-65,0.0306632591816517
9,gnomad,phastcons_65-70,0.0329463198132265
9,gnomad,phastcons_70-75,0.0310841868119946
9,gnomad,phastcons_75-80,0.0466165989578545
9,roulette,ccds_merged,0.0208826668913462
9,roulette,promoters,0.0152129642822499
9,roulette,enhancers,0.1197866772466604
9,roulette,ccds_lof_d1,0.0030132912985
9,roulette,ccds_lof_d2,0.0021205393526707
9,roulette,ccds_lof_d3,0.00233236306975
9,roulette,ccds_lof_d4,0.00228867543975
9,roulette,ccds_lof_d5,0.002355128454
9,roulette,ccds_lof_d6,0.0017639062466919
9,roulette,ccds_lof_d7,0.0017475770505228
9,roulette,ccds_lof_d8,0.00165177623625
9,roulette,ccds_lof_d9,0.0014092152120139
9,roulette,ccds_lof_d10,0.00137738722625
9,roulette,ccds_lof_d11,0.0008727212833454
9,roulette,phastcons_0-5,0.0404379941744942
9,roulette,phastcons_5-10,0.0329410089930823
9,roulette,phastcons_10-15,0.0283497405248727
9,roulette,phastcons_15-20,0.0266148086791696
9,roulette,phastcons_20-25,0.0262453833320014
9,roulette,phastcons_25-30,0.0267011643314793
9,roulette,phastcons_30-35,0.0262427287675153
9,roulette,phastcons_35-40,0.0280436717748685
9,roulette,phastcons_40-45,0.0285031202959037
9,roulette,phastcons_45-50,0.0275849178569633
9,roulette,phastcons_50-55,0.0318672163613425
9,roulette,phastcons_55-60,0.0285487453707117
9,roulette,phastcons_60-65,0.0320451557899276
9,roulette,phastcons_65-70,0.0344895006132628
9,roulette,phastcons_70-75,0.0325590617326634
9,roulette,phastcons_75-80,0.0488584120465565
10,carlson,ccds_merged,0.0216177244930496
10,carlson,promoters,0.0194707778936611
10,carlson,enhancers,0.1720160227399075
10,carlson,ccds_lof_d1,0.0027737775186898
10,carlson,ccds_lof_d2,0.0028523515916662
10,carlson,ccds_lof_d3,0.0023582228843216
10,carlson,ccds_lof_d4,0.0029464739143207
10,carlson,ccds_lof_d5,0.0016672699718815
10,carlson,ccds_lof_d6,0.0018896989907563
10,carlson,ccds_lof_d7,0.0009709529502579
10,carlson,ccds_lof_d8,0.0014300493205173
10,carlson,ccds_lof_d9,0.001596652326553
10,carlson,ccds_lof_d10,0.0025901688692136
10,carlson,ccds_lof_d11,0.0006051347845422
10,carlson,phastcons_0-5,0.0517274576501541
10,carlson,phastcons_5-10,0.0437032437561836
10,carlson,phastcons_10-15,0.037698453104327
10,carlson,phastcons_15-20,0.0356135305700467
10,carlson,phastcons_20-25,0.0352460533706569
10,carlson,phastcons_25-30,0.0361806779615676
10,carlson,phastcons_30-35,0.0359345002046612
10,carlson,phastcons_35-40,0.0385238180383034
10,carlson,phastcons_40-45,0.039391736575405
10,carlson,phastcons_45-50,0.0384065500719876
10,carlson,phastcons_50-55,0.0446856805462586
10,carlson,phastcons_55-60,0.0403068466684506
10,carlson,phastcons_60-65,0.0455299779796709
10,carlson,phastcons_65-70,0.0491811746625429
10,carlson,phastcons_70-75,0.0466616287521063
10,carlson,phastcons_75-80,0.0703828539427262
10,gnomad,ccds_merged,0.020268205844892
10,gnomad,promoters,0.01985891200825
10,gnomad,enhancers,0.1361215515858985
10,gnomad,ccds_lof_d1,0.0025680914356335
10,gnomad,ccds_lof_d2,0.00273978406975
10,gnomad,ccds_lof_d3,0.002281251624711
10,gnomad,ccds_lof_d4,0.0027188171432857
10,gnomad,ccds_lof_d5,0.0016262552938038
10,gnomad,ccds_lof_d6,0.00169708248675
10,gnomad,ccds_lof_d7,0.0009386962585
10,gnomad,ccds_lof_d8,0.001372477376137
10,gnomad,ccds_lof_d9,0.0014774235694812
10,gnomad,ccds_lof_d10,0.0023029678179548
10,gnomad,ccds_lof_d11,0.000622298776578
10,gnomad,phastcons_0-5,0.0412265539946795
10,gnomad,phastcons_5-10,0.0345332028939071
10,gnomad,phastcons_10-15,0.0296623046311484
10,gnomad,phastcons_15-20,0.0280048643767229
10,gnomad,phastcons_20-25,0.0277177696963473
10,gnomad,phastcons_25-30,0.0284416805904672
10,gnomad,phastcons_30-35,0.0282688855186857
10,gnomad,phastcons_35-40,0.0303058000558709
10,gnomad,phastcons_40-45,0.0310328209706387
10,gnomad,phastcons_45-50,0.0302787305645059
10,gnomad,phastcons_50-55,0.0352552188097868
10,gnomad,phastcons_55-60,0.0318593722878135
10,gnomad,phastcons_60-65,0.0360238279177557
10,gnomad,phastcons_65-70,0.0389980919673623
10,gnomad,phastcons_70-75,0.0370979127452818
10,gnomad,phastcons_75-80,0.0561933497912674
10,roulette,ccds_merged,0.0189285114300092
10,roulette,promoters,0.0147614110314999
10,roulette,enhancers,0.1384480168076355
10,roulette,ccds_lof_d1,0.0024675747513273
10,roulette,ccds_lof_d2,0.00244197363025
10,roulette,ccds_lof_d3,0.0021089870630291
10,roulette,ccds_lof_d4,0.0025447390837387
10,roulette,ccds_lof_d5,0.0014729223312147
10,roulette,ccds_lof_d6,0.0016196889904999
10,roulette,ccds_lof_d7,0.00086783515
10,roulette,ccds_lof_d8,0.0012004375388748
10,roulette,ccds_lof_d9,0.0013619523686093
10,roulette,ccds_lof_d10,0.0022970059067898
10,roulette,ccds_lof_d11,0.0006185126234513
10,roulette,phastcons_0-5,0.0397881001346137
10,roulette,phastcons_5-10,0.0337380975524108
10,roulette,phastcons_10-15,0.0292763062043021
10,roulette,phastcons_15-20,0.0277970267657966
10,roulette,phastcons_20-25,0.0275955695764313
10,roulette,phastcons_25-30,0.0283909372357982
10,roulette,phastcons_30-35,0.0282647263677281
10,roulette,phastcons_35-40,0.0303655055876137
10,roulette,phastcons_40-45,0.031145125322898
10,roulette,phastcons_45-50,0.0304392823063298
10,roulette,phastcons_50-55,0.0355256421274304
10,roulette,phastcons_55-60,0.0321555748835545
10,roulette,phastcons_60-65,0.0364220175550737
10,roulette,phastcons_65-70,0.0395308331910298
10,roulette,phastcons_70-75,0.0377095417437154
10,roulette,phastcons_75-80,0.0572818037476951
11,carlson,ccds_merged,0.0326198675029953
11,carlson,promoters,0.0260033498045165
11,carlson,enhancers,0.1675647713045182
11,carlson,ccds_lof_d1,0.0031971617078978
11,carlson,ccds_lof_d2,0.0042072224348466
11,carlson,ccds_lof_d3,0.0044375149453037
11,carlson,ccds_lof_d4,0.0033925272058128
11,carlson,ccds_lof_d5,0.0028415724956464
11,carlson,ccds_lof_d6,0.0028222543088587
11,carlson,ccds_lof_d7,0.0029153006492007
11,carlson,ccds_lof_d8,0.0028483169997635
11,carlson,ccds_lof_d9,0.0025355636121342
11,carlson,ccds_lof_d10,0.002768698362327
11,carlson,ccds_lof_d11,0.0006802087273969
11,carlson,phastcons_0-5,0.0516536897749907
11,carlson,phastcons_5-10,0.0460950668229365
11,carlson,phastcons_10-15,0.0401950636779314
11,carlson,phastcons_15-20,0.0376400512630475
11,carlson,phastcons_20-25,0.036951954306198
11,carlson,phastcons_25-30,0.0377196335232776
11,carlson,phastcons_30-35,0.0372387757815811
11,carlson,phastcons_35-40,0.039610318815628
11,carlson,phastcons_40-45,0.0402168616109952
11,carlson,phastcons_45-50,0.0388790439019828
11,carlson,phastcons_50-55,0.0451177988210395
11,carlson,phastcons_55-60,0.0404367601421633
11,carlson,phastcons_60-65,0.0453534006972833
11,carlson,phastcons_65-70,0.0486006806172799
11,carlson,phastcons_70-75,0.0458804715426323
11,carlson,phastcons_75-80,0.0685531974972229
11,gnomad,ccds_merged,0.0313333403491933
11,gnomad,promoters,0.0266615130732716
11,gnomad,enhancers,0.1334749320310099
11,gnomad,ccds_lof_d1,0.003005889411
11,gnomad,ccds_lof_d2,0.00405723803275
11,gnomad,ccds_lof_d3,0.0045259319945
11,gnomad,ccds_lof_d4,0.0032642988436725
11,gnomad,ccds_lof_d5,0.002792567645948
11,gnomad,ccds_lof_d6,0.00261316667675
11,gnomad,ccds_lof_d7,0.0027641350998212
11,gnomad,ccds_lof_d8,0.0026346569165
11,gnomad,ccds_lof_d9,0.002394025966684
11,gnomad,ccds_lof_d10,0.0026472723487775
11,gnomad,ccds_lof_d11,0.0006644677374791
11,gnomad,phastcons_0-5,0.0416525844776368
11,gnomad,phastcons_5-10,0.0367718055448905
11,gnomad,phastcons_10-15,0.0318908819518394
11,gnomad,phastcons_15-20,0.02980068535885
11,gnomad,phastcons_20-25,0.0292418915710757
11,gnomad,phastcons_25-30,0.0298529265866973
11,gnomad,phastcons_30-35,0.0294707741491769
11,gnomad,phastcons_35-40,0.031360460190435
11,gnomad,phastcons_40-45,0.0318354447807103
11,gnomad,phastcons_45-50,0.0308138958852104
11,gnomad,phastcons_50-55,0.035802975558849
11,gnomad,phastcons_55-60,0.0320969114308463
11,gnomad,phastcons_60-65,0.0360554482133344
11,gnomad,phastcons_65-70,0.0387107722230316
11,gnomad,phastcons_70-75,0.036650111237929
11,gnomad,phastcons_75-80,0.0550009582209371
11,roulette,ccds_merged,0.0297160323614553
11,roulette,promoters,0.0201029289999558
11,roulette,enhancers,0.1359046981912632
11,roulette,ccds_lof_d1,0.002795625462
11,roulette,ccds_lof_d2,0.003911360964
11,roulette,ccds_lof_d3,0.004267012092
11,roulette,ccds_lof_d4,0.0031103822451383
11,roulette,ccds_lof_d5,0.0025689154779815
11,roulette,ccds_lof_d6,0.00250253528
11,roulette,ccds_lof_d7,0.0026033046381972
11,roulette,ccds_lof_d8,0.002557690583
11,roulette,ccds_lof_d9,0.0022882192409833
11,roulette,ccds_lof_d10,0.0025287559742651
11,roulette,ccds_lof_d11,0.0006033250802539
11,roulette,phastcons_0-5,0.0401760639475034
11,roulette,phastcons_5-10,0.0359563519404648
11,roulette,phastcons_10-15,0.0315180188389354
11,roulette,phastcons_15-20,0.0295863203281597
11,roulette,phastcons_20-25,0.0291328770359243
11,roulette,phastcons_25-30,0.0297938451484259
11,roulette,phastcons_30-35,0.0294639721466789
11,roulette,phastcons_35-40,0.0314186207502026
11,roulette,phastcons_40-45,0.0319513255949075
11,roulette,phastcons_45-50,0.0309739156417417
11,roulette,phastcons_50-55,0.0360467816254053
11,roulette,phastcons_55-60,0.0323881623436263
11,roulette,phastcons_60-65,0.036422988408664
11,roulette,phastcons_65-70,0.0392027152026221
11,roulette,phastcons_70-75,0.0371825488693748
11,roulette,phastcons_75-80,0.0559765596129185
12,carlson,ccds_merged,0.0286472547124122
12,carlson,promoters,0.0244851147615287
12,carlson,enhancers,0.1714575964061091
12,carlson,ccds_lof_d1,0.0047352067786133
12,carlson,ccds_lof_d2,0.004052433850987
12,carlson,ccds_lof_d3,0.003436365449107
12,carlson,ccds_lof_d4,0.0027850240054945
12,carlson,ccds_lof_d5,0.0023579917898334
12,carlson,ccds_lof_d6,0.0022449203253273
12,carlson,ccds_lof_d7,0.001710699143138
12,carlson,ccds_lof_d8,0.0018390024289709
12,carlson,ccds_lof_d9,0.0023776442815642
12,carlson,ccds_lof_d10,0.0029218681633963
12,carlson,ccds_lof_d11,0.0002245779487892
12,carlson,phastcons_0-5,0.049543569098069
12,carlson,phastcons_5-10,0.0465962975833828
12,carlson,phastcons_10-15,0.0406303100756908
12,carlson,phastcons_15-20,0.0383236194926636
12,carlson,phastcons_20-25,0.0377295053004123
12,carlson,phastcons_25-30,0.0384503711795166
12,carlson,phastcons_30-35,0.0379272692181158
12,carlson,phastcons_35-40,0.0403181837153833
12,carlson,phastcons_40-45,0.0408001764956101
12,carlson,phastcons_45-50,0.0394226617268051
12,carlson,phastcons_50-55,0.0455086998559896
12,carlson,phastcons_55-60,0.0404756352010445
12,carlson,phastcons_60-65,0.0452158181704616
12,carlson,phastcons_65-70,0.0482721726711484
12,carlson,phastcons_70-75,0.0452026814221664
12,carlson,phastcons_75-80,0.0665948606923477
12,gnomad,ccds_merged,0.0263377303318792
12,gnomad,promoters,0.0245289757592066
12,gnomad,enhancers,0.1342363048646182
12,gnomad,ccds_lof_d1,0.0043197624713748
12,gnomad,ccds_lof_d2,0.003871137732
12,gnomad,ccds_lof_d3,0.003245443824
12,gnomad,ccds_lof_d4,0.0025113642670681
12,gnomad,ccds_lof_d5,0.002238583109
12,gnomad,ccds_lof_d6,0.0020698528585
12,gnomad,ccds_lof_d7,0.00160406189825
12,gnomad,ccds_lof_d8,0.0016418586527993
12,gnomad,ccds_lof_d9,0.00213688970075
12,gnomad,ccds_lof_d10,0.0024912790315
12,gnomad,ccds_lof_d11,0.0002372271195
12,gnomad,phastcons_0-5,0.0396164177242581
12,gnomad,phastcons_5-10,0.0366456359247428
12,gnomad,phastcons_10-15,0.0317834068256878
12,gnomad,phastcons_15-20,0.0299420960517965
12,gnomad,phastcons_20-25,0.029470702770397
12,gnomad,phastcons_25-30,0.0300180262289312
12,gnomad,phastcons_30-35,0.0295943324156044
12,gnomad,phastcons_35-40,0.0314841233156811
12,gnomad,phastcons_40-45,0.0319015293195173
12,gnomad,phastcons_45-50,0.0308187932176159
12,gnomad,phastcons_50-55,0.0355914456869901
12,gnomad,phastcons_55-60,0.031701458629004
12,gnomad,phastcons_60-65,0.0354727212594131
12,gnomad,phastcons_65-70,0.03793556762343
12,gnomad,phastcons_70-75,0.0355811414908076
12,gnomad,phastcons_75-80,0.0526548038446191
12,roulette,ccds_merged,0.0247969326481401
12,roulette,promoters,0.0182456264137877
12,roulette,enhancers,0.1351408924183009
12,roulette,ccds_lof_d1,0.0042250793258967
12,roulette,ccds_lof_d2,0.0035291412467499
12,roulette,ccds_lof_d3,0.00306780679625
12,roulette,ccds_lof_d4,0.0023550522113218
12,roulette,ccds_lof_d5,0.0020522655475
12,roulette,ccds_lof_d6,0.0019196451399999
12,roulette,ccds_lof_d7,0.00151337601275
12,roulette,ccds_lof_d8,0.0015499277317225
12,roulette,ccds_lof_d9,0.00202304770675
12,roulette,ccds_lof_d10,0.002411323929
12,roulette,ccds_lof_d11,0.00018049191825
12,roulette,phastcons_0-5,0.0376655705568007
12,roulette,phastcons_5-10,0.0355039768228528
12,roulette,phastcons_10-15,0.0310964412457687
12,roulette,phastcons_15-20,0.0294309404076769
12,roulette,phastcons_20-25,0.0290429058250841
12,roulette,phastcons_25-30,0.0296459492729832
12,roulette,phastcons_30-35,0.0293009093163653
12,roulette,phastcons_35-40,0.0312135202809884
12,roulette,phastcons_40-45,0.0316627265011172
12,roulette,phastcons_45-50,0.0306441992744364
12,roulette,phastcons_50-55,0.0354453226436132
12,roulette,phastcons_55-60,0.0316326084363212
12,roulette,phastcons_60-65,0.035452363138141
12,roulette,phastcons_65-70,0.0379764782131339
12,roulette,phastcons_70-75,0.0357206889854689
12,roulette,phastcons_75-80,0.0529780739118357
13,carlson,ccds_merged,0.008785961413936
13,carlson,promoters,0.008936304430872
13,carlson,enhancers,0.1034889001982713
13,carlson,ccds_lof_d1,0.0011170382019833
13,carlson,ccds_lof_d2,0.0011171672408067
13,carlson,ccds_lof_d3,0.0010140030681723
13,carlson,ccds_lof_d4,0.0014520063425682
13,carlson,ccds_lof_d5,0.0009079824528749
13,carlson,ccds_lof_d6,0.0007905098663645
13,carlson,ccds_lof_d7,0.0006344598145012
13,carlson,ccds_lof_d8,0.0004728434778614
13,carlson,ccds_lof_d9,0.0004714827551688
13,carlson,ccds_lof_d10,0.0006839940120475
13,carlson,ccds_lof_d11,0.0001877533897391
13,carlson,phastcons_0-5,0.030307815769742
13,carlson,phastcons_5-10,0.0256408959898546
13,carlson,phastcons_10-15,0.0223158598942535
13,carlson,phastcons_15-20,0.0215764974334081
13,carlson,phastcons_20-25,0.0214557958306173
13,carlson,phastcons_25-30,0.0221940155195139
13,carlson,phastcons_30-35,0.0222075936714286
13,carlson,phastcons_35-40,0.0238968067056968
13,carlson,phastcons_40-45,0.0245955608842168
13,carlson,phastcons_45-50,0.023907950377544
13,carlson,phastcons_50-55,0.0278177819278327
13,carlson,phastcons_55-60,0.0250763387154421
13,carlson,phastcons_60-65,0.0283783801804466
13,carlson,phastcons_65-70,0.030461861914956
13,carlson,phastcons_70-75,0.0288713199842222
13,carlson,phastcons_75-80,0.0432530008991114
13,gnomad,ccds_merged,0.0089663142125404
13,gnomad,promoters,0.0090264756925
13,gnomad,enhancers,0.079143389085144
13,gnomad,ccds_lof_d1,0.00121603298075
13,gnomad,ccds_lof_d2,0.00118483218525
13,gnomad,ccds_lof_d3,0.001049326082
13,gnomad,ccds_lof_d4,0.00145438593825
13,gnomad,ccds_lof_d5,0.00085213883475
13,gnomad,ccds_lof_d6,0.0007723757195
13,gnomad,ccds_lof_d7,0.00062897926
13,gnomad,ccds_lof_d8,0.0004836490224999
13,gnomad,ccds_lof_d9,0.00051283225175
13,gnomad,ccds_lof_d10,0.00066735859225
13,gnomad,ccds_lof_d11,0.0001849169201972
13,gnomad,phastcons_0-5,0.02301289351479
13,gnomad,phastcons_5-10,0.0195120287738628
13,gnomad,phastcons_10-15,0.0169567912210408
13,gnomad,phastcons_15-20,0.0163952845415789
13,gnomad,phastcons_20-25,0.0163247243283241
13,gnomad,phastcons_25-30,0.0168820870902086
13,gnomad,phastcons_30-35,0.0169076847908868
13,gnomad,phastcons_35-40,0.0181740148412325
13,gnomad,phastcons_40-45,0.0187329499454378
13,gnomad,phastcons_45-50,0.018219422955784
13,gnomad,phastcons_50-55,0.0212316789064287
13,gnomad,phastcons_55-60,0.019143043411439
13,gnomad,phastcons_60-65,0.0216999558775006
13,gnomad,phastcons_65-70,0.0233444845440913
13,gnomad,phastcons_70-75,0.0221911288172828
13,gnomad,phastcons_75-80,0.0333375174479516
13,roulette,ccds_merged,0.0082022473399629
13,roulette,promoters,0.00653087798825
13,roulette,enhancers,0.0806603714257357
13,roulette,ccds_lof_d1,0.001058056706
13,roulette,ccds_lof_d2,0.0010311676305
13,roulette,ccds_lof_d3,0.000960498154
13,roulette,ccds_lof_d4,0.0013644434895
13,roulette,ccds_lof_d5,0.000775647572
13,roulette,ccds_lof_d6,0.00071065351875
13,roulette,ccds_lof_d7,0.00059433127075
13,roulette,ccds_lof_d8,0.0004313048635
13,roulette,ccds_lof_d9,0.0004945832115
13,roulette,ccds_lof_d10,0.0006498136575
13,roulette,ccds_lof_d11,0.0001705093668794
13,roulette,phastcons_0-5,0.0225364786688638
13,roulette,phastcons_5-10,0.0192187411999381
13,roulette,phastcons_10-15,0.0168020703288838
13,roulette,phastcons_15-20,0.016305343124737
13,roulette,phastcons_20-25,0.0162692722161763
13,roulette,phastcons_25-30,0.016878161104103
13,roulette,phastcons_30-35,0.0169315399030441
13,roulette,phastcons_35-40,0.0182470438945133
13,roulette,phastcons_40-45,0.0188349644151383
13,roulette,phastcons_45-50,0.018339171501514
13,roulette,phastcons_50-55,0.0214263284827368
13,roulette,phastcons_55-60,0.0193430941944333
13,roulette,phastcons_60-65,0.0219781406370466
13,roulette,phastcons_65-70,0.0236881314629842
13,roulette,phastcons_70-75,0.0225435082614655
13,roulette,phastcons_75-80,0.0339993853641308
14,carlson,ccds_merged,0.014971735584442
14,carlson,promoters,0.0162710964242748
14,carlson,enhancers,0.1058483685630271
14,carlson,ccds_lof_d1,0.0022227318516557
14,carlson,ccds_lof_d2,0.0019098221607154
14,carlson,ccds_lof_d3,0.0018038572196943
14,carlson,ccds_lof_d4,0.0019920293635121
14,carlson,ccds_lof_d5,0.0013389533833035
14,carlson,ccds_lof_d6,0.0011408806318754
14,carlson,ccds_lof_d7,0.0010968751809174
14,carlson,ccds_lof_d8,0.0011977332769602
14,carlson,ccds_lof_d9,0.0006429904542699
14,carlson,ccds_lof_d10,0.0013977491243213
14,carlson,ccds_lof_d11,0.0002851223264853
14,carlson,phastcons_0-5,0.0365368179759153
14,carlson,phastcons_5-10,0.0313362179377891
14,carlson,phastcons_10-15,0.0267204030264374
14,carlson,phastcons_15-20,0.0248526085528477
14,carlson,phastcons_20-25,0.0242821945257342
14,carlson,phastcons_25-30,0.0245188731635485
14,carlson,phastcons_30-35,0.0240483418171107
14,carlson,phastcons_35-40,0.0254117731094613
14,carlson,phastcons_40-45,0.0255820030320319
14,carlson,phastcons_45-50,0.0245791596412305
14,carlson,phastcons_50-55,0.0282850129710364
14,carlson,phastcons_55-60,0.0251502393466667
14,carlson,phastcons_60-65,0.0280965863242241
14,carlson,phastcons_65-70,0.029928518911634
14,carlson,phastcons_70-75,0.0280577856923571
14,carlson,phastcons_75-80,0.0414539344992622
14,gnomad,ccds_merged,0.0163724558815687
14,gnomad,promoters,0.01634321397975
14,gnomad,enhancers,0.0836903215767531
14,gnomad,ccds_lof_d1,0.0024433673891861
14,gnomad,ccds_lof_d2,0.002055682342
14,gnomad,ccds_lof_d3,0.0020400916375
14,gnomad,ccds_lof_d4,0.0021373905525
14,gnomad,ccds_lof_d5,0.00152859877975
14,gnomad,ccds_lof_d6,0.0012093453995
14,gnomad,ccds_lof_d7,0.001201164195
14,gnomad,ccds_lof_d8,0.00132009687075
14,gnomad,ccds_lof_d9,0.0007146272023439
14,gnomad,ccds_lof_d10,0.001472227456
14,gnomad,ccds_lof_d11,0.000329012047
14,gnomad,phastcons_0-5,0.0287461226430044
14,gnomad,phastcons_5-10,0.0245718710838512
14,gnomad,phastcons_10-15,0.0209150552948902
14,gnomad,phastcons_15-20,0.019468406062811
14,gnomad,phastcons_20-25,0.0190103293669177
14,gnomad,phastcons_25-30,0.0192062335143994
14,gnomad,phastcons_30-35,0.0188438834561852
14,gnomad,phastcons_35-40,0.0199618167135942
14,gnomad,phastcons_40-45,0.0200911197654487
14,gnomad,phastcons_45-50,0.0193202607053204
14,gnomad,phastcons_50-55,0.0222996819571045
14,gnomad,phastcons_55-60,0.0198624992701323
14,gnomad,phastcons_60-65,0.0222446179401895
14,gnomad,phastcons_65-70,0.023730557934342
14,gnomad,phastcons_70-75,0.0223653016275654
14,gnomad,phastcons_75-80,0.0332195236001136
14,roulette,ccds_merged,0.015164825615061
14,roulette,promoters,0.01229008075925
14,roulette,enhancers,0.0845045412502239
14,roulette,ccds_lof_d1,0.0023200980979933
14,roulette,ccds_lof_d2,0.0019272512455
14,roulette,ccds_lof_d3,0.0018487677407499
14,roulette,ccds_lof_d4,0.00203193504675
14,roulette,ccds_lof_d5,0.0013963016497499
14,roulette,ccds_lof_d6,0.00112212802275
14,roulette,ccds_lof_d7,0.00111738198425
14,roulette,ccds_lof_d8,0.0012010265102499
14,roulette,ccds_lof_d9,0.0006304564163622
14,roulette,ccds_lof_d10,0.00137579367625
14,roulette,ccds_lof_d11,0.00026746432475
14,roulette,phastcons_0-5,0.0277810248613291
14,roulette,phastcons_5-10,0.0239729024843402
14,roulette,phastcons_10-15,0.0205619925208287
14,roulette,phastcons_15-20,0.0192041885225639
14,roulette,phastcons_20-25,0.0188207997719367
14,roulette,phastcons_25-30,0.0190646551249021
14,roulette,phastcons_30-35,0.0187294051221916
14,roulette,phastcons_35-40,0.0198550151286917
14,roulette,phastcons_40-45,0.0200186950777662
14,roulette,phastcons_45-50,0.0192836558230198
14,roulette,phastcons_50-55,0.0222623399286268
14,roulette,phastcons_55-60,0.019862197549003
14,roulette,phastcons_60-65,0.0222593260303192
14,roulette,phastcons_65-70,0.0238059037236371
14,roulette,phastcons_70-75,0.0224869763204089
14,roulette,phastcons_75-80,0.0334637164277872
15,carlson,ccds_merged,0.0166978221319201
15,carlson,promoters,0.0155025718279637
15,carlson,enhancers,0.1059032190101817
15,carlson,ccds_lof_d1,0.0015375251415922
15,carlson,ccds_lof_d2,0.0026291022755886
15,carlson,ccds_lof_d3,0.0020797397087171
15,carlson,ccds_lof_d4,0.0017383493767846
15,carlson,ccds_lof_d5,0.0021999473788869
15,carlson,ccds_lof_d6,0.0011615690339867
15,carlson,ccds_lof_d7,0.0011973115849818
15,carlson,ccds_lof_d8,0.0011397310961965
15,carlson,ccds_lof_d9,0.0010691569308953
15,carlson,ccds_lof_d10,0.0014422299526041
15,carlson,ccds_lof_d11,0.0006433891404097
15,carlson,phastcons_0-5,0.035606986220635
15,carlson,phastcons_5-10,0.0315226709717463
15,carlson,phastcons_10-15,0.0271334266850525
15,carlson,phastcons_15-20,0.0253642694275765
15,carlson,phastcons_20-25,0.0249322442489476
15,carlson,phastcons_25-30,0.0252819254315237
15,carlson,phastcons_30-35,0.0249306039907067
15,carlson,phastcons_35-40,0.0264363840842237
15,carlson,phastcons_40-45,0.0266862023887603
15,carlson,phastcons_45-50,0.0257239284268513
15,carlson,phastcons_50-55,0.0296611812829641
15,carlson,phastcons_55-60,0.0264974669227602
15,carlson,phastcons_60-65,0.0296608483634801
15,carlson,phastcons_65-70,0.0316065346156873
15,carlson,phastcons_70-75,0.0296386360114186
15,carlson,phastcons_75-80,0.04398937936691
15,gnomad,ccds_merged,0.0178965186873622
15,gnomad,promoters,0.01555431345125
15,gnomad,enhancers,0.0845837957406981
15,gnomad,ccds_lof_d1,0.0015754258555
15,gnomad,ccds_lof_d2,0.0027751391985895
15,gnomad,ccds_lof_d3,0.0020955169305
15,gnomad,ccds_lof_d4,0.0019596648007443
15,gnomad,ccds_lof_d5,0.0024261899982834
15,gnomad,ccds_lof_d6,0.0012633360463681
15,gnomad,ccds_lof_d7,0.0013318196400118
15,gnomad,ccds_lof_d8,0.0012545593933226
15,gnomad,ccds_lof_d9,0.001190269231776
15,gnomad,ccds_lof_d10,0.0015145794475
15,gnomad,ccds_lof_d11,0.0006692978974364
15,gnomad,phastcons_0-5,0.0285151034498005
15,gnomad,phastcons_5-10,0.0250374787679241
15,gnomad,phastcons_10-15,0.021473573195007
15,gnomad,phastcons_15-20,0.0200568865678352
15,gnomad,phastcons_20-25,0.0197050855823608
15,gnomad,phastcons_25-30,0.0200053949095183
15,gnomad,phastcons_30-35,0.0197351388957169
15,gnomad,phastcons_35-40,0.0209310447697323
15,gnomad,phastcons_40-45,0.021172314743801
15,gnomad,phastcons_45-50,0.0204011185449947
15,gnomad,phastcons_50-55,0.0235822704162967
15,gnomad,phastcons_55-60,0.0210719642950733
15,gnomad,phastcons_60-65,0.0236425504799267
15,gnomad,phastcons_65-70,0.025249049915455
15,gnomad,phastcons_70-75,0.0237389842735495
15,gnomad,phastcons_75-80,0.0353663865928685
15,roulette,ccds_merged,0.0169532685820842
15,roulette,promoters,0.0118718034715
15,roulette,enhancers,0.0869698749004852
15,roulette,ccds_lof_d1,0.001546290991
15,roulette,ccds_lof_d2,0.0026628521884913
15,roulette,ccds_lof_d3,0.00204608607525
15,roulette,ccds_lof_d4,0.0018190907152502
15,roulette,ccds_lof_d5,0.0022944071016691
15,roulette,ccds_lof_d6,0.0012244377820617
15,roulette,ccds_lof_d7,0.0012046747146415
15,roulette,ccds_lof_d8,0.0011370107592684
15,roulette,ccds_lof_d9,0.0010674203609979
15,roulette,ccds_lof_d10,0.00144076981475
15,roulette,ccds_lof_d11,0.0006596423592076
15,roulette,phastcons_0-5,0.027987308457939
15,roulette,phastcons_5-10,0.0248542084560591
15,roulette,phastcons_10-15,0.0214910813281877
15,roulette,phastcons_15-20,0.0201546477907138
15,roulette,phastcons_20-25,0.0198647238660722
15,roulette,phastcons_25-30,0.0202054518894584
15,roulette,phastcons_30-35,0.0199648632943934
15,roulette,phastcons_35-40,0.0212253748443493
15,roulette,phastcons_40-45,0.0215044038784216
15,roulette,phastcons_45-50,0.0207623271397794
15,roulette,phastcons_50-55,0.0240316264177283
15,roulette,phastcons_55-60,0.0215068325211167
15,roulette,phastcons_60-65,0.0241464824295748
15,roulette,phastcons_65-70,0.0258392621408519
15,roulette,phastcons_70-75,0.024322043495625
15,roulette,phastcons_75-80,0.03631037443055
16,carlson,ccds_merged,0.0239216270325959
16,carlson,promoters,0.0180971022657779
16,carlson,enhancers,0.0899238855858091
16,carlson,ccds_lof_d1,0.0034747719134715
16,carlson,ccds_lof_d2,0.0023391358503746
16,carlson,ccds_lof_d3,0.0022331419622331
16,carlson,ccds_lof_d4,0.0031181265092002
16,carlson,ccds_lof_d5,0.0020745904915556
16,carlson,ccds_lof_d6,0.0021057637329734
16,carlson,ccds_lof_d7,0.0012681028063236
16,carlson,ccds_lof_d8,0.0015810885829051
16,carlson,ccds_lof_d9,0.0019203517168228
16,carlson,ccds_lof_d10,0.0033007136375279
16,carlson,ccds_lof_d11,0.0005749757909502
16,carlson,phastcons_0-5,0.0265314815525125
16,carlson,phastcons_5-10,0.020070336866124
16,carlson,phastcons_10-15,0.0176207373284949
16,carlson,phastcons_15-20,0.016926119589813
16,carlson,phastcons_20-25,0.0171300162099268
16,carlson,phastcons_25-30,0.0178691940852221
16,carlson,phastcons_30-35,0.0180855496351283
16,carlson,phastcons_35-40,0.0198605237858787
16,carlson,phastcons_40-45,0.0206418411083895
16,carlson,phastcons_45-50,0.0206073187651676
16,carlson,phastcons_50-55,0.0245448976500995
16,carlson,phastcons_55-60,0.0225345259920814
16,carlson,phastcons_60-65,0.0261042144220769
16,carlson,phastcons_65-70,0.0288619367076556
16,carlson,phastcons_70-75,0.0281205474300051
16,carlson,phastcons_75-80,0.043813541425286
16,gnomad,ccds_merged,0.0249877204889364
16,gnomad,promoters,0.0194168213352357
16,gnomad,enhancers,0.07424229229685
16,gnomad,ccds_lof_d1,0.0035186811339491
16,gnomad,ccds_lof_d2,0.0025653976663152
16,gnomad,ccds_lof_d3,0.00246805750625
16,gnomad,ccds_lof_d4,0.0031491991577074
16,gnomad,ccds_lof_d5,0.0021211274993834
16,gnomad,ccds_lof_d6,0.0022493195914983
16,gnomad,ccds_lof_d7,0.0013575433465097
16,gnomad,ccds_lof_d8,0.0016237325330565
16,gnomad,ccds_lof_d9,0.0019980258073044
16,gnomad,ccds_lof_d10,0.0034473294513081
16,gnomad,ccds_lof_d11,0.0005346472168242
16,gnomad,phastcons_0-5,0.0214289790710954
16,gnomad,phastcons_5-10,0.0161983202625292
16,gnomad,phastcons_10-15,0.0142017968570431
16,gnomad,phastcons_15-20,0.0136612945765876
16,gnomad,phastcons_20-25,0.0138387224735966
16,gnomad,phastcons_25-30,0.0144351471908754
16,gnomad,phastcons_30-35,0.0146265114207303
16,gnomad,phastcons_35-40,0.0161154053919508
16,gnomad,phastcons_40-45,0.0167513501829361
16,gnomad,phastcons_45-50,0.0167821565202851
16,gnomad,phastcons_50-55,0.0200196375225545
16,gnomad,phastcons_55-60,0.0184209257784224
16,gnomad,phastcons_60-65,0.0214026327965442
16,gnomad,phastcons_65-70,0.0237997908075033
16,gnomad,phastcons_70-75,0.0233000479700979
16,gnomad,phastcons_75-80,0.036612594161812
16,roulette,ccds_merged,0.0245705639794074
16,roulette,promoters,0.0154127007188963
16,roulette,enhancers,0.0830011217750414
16,roulette,ccds_lof_d1,0.0036017421127211
16,roulette,ccds_lof_d2,0.0024391285909684
16,roulette,ccds_lof_d3,0.0024708005945
16,roulette,ccds_lof_d4,0.0030838576068804
16,roulette,ccds_lof_d5,0.0020068663531581
16,roulette,ccds_lof_d6,0.0022314625481234
16,roulette,ccds_lof_d7,0.0012319625964781
16,roulette,ccds_lof_d8,0.0015646816462625
16,roulette,ccds_lof_d9,0.0019311481215936
16,roulette,ccds_lof_d10,0.0034641782561017
16,roulette,ccds_lof_d11,0.0005865910038986
16,roulette,phastcons_0-5,0.0227038584525331
16,roulette,phastcons_5-10,0.0169268661324049
16,roulette,phastcons_10-15,0.014954758329763
16,roulette,phastcons_15-20,0.0144856942885339
16,roulette,phastcons_20-25,0.01478395221993
16,roulette,phastcons_25-30,0.0155143154290562
16,roulette,phastcons_30-35,0.0158108452676861
16,roulette,phastcons_35-40,0.0175137570050484
16,roulette,phastcons_40-45,0.0182865412566471
16,roulette,phastcons_45-50,0.0183994165127968
16,roulette,phastcons_50-55,0.0220705270043893
16,roulette,phastcons_55-60,0.0204040722910128
16,roulette,phastcons_60-65,0.0238020307211536
16,roulette,phastcons_65-70,0.0265306637264247
16,roulette,phastcons_70-75,0.0260731957376725
16,roulette,phastcons_75-80,0.0410254094818065
17,carlson,ccds_merged,0.03241402925024
17,carlson,promoters,0.0277075459127592
17,carlson,enhancers,0.1044272334280261
17,carlson,ccds_lof_d1,0.0043175051721997
17,carlson,ccds_lof_d2,0.0034150446003983
17,carlson,ccds_lof_d3,0.0036475146015898
17,carlson,ccds_lof_d4,0.0026954696147056
17,carlson,ccds_lof_d5,0.0035609988636995
17,carlson,ccds_lof_d6,0.0028978231048705
17,carlson,ccds_lof_d7,0.0019378553815833
17,carlson,ccds_lof_d8,0.002432524441256
17,carlson,ccds_lof_d9,0.0023966204653114
17,carlson,ccds_lof_d10,0.0030827578259791
17,carlson,ccds_lof_d11,0.002173224925948
17,carlson,phastcons_0-5,0.0344750246870629
17,carlson,phastcons_5-10,0.0294374042275038
17,carlson,phastcons_10-15,0.0254392365417923
17,carlson,phastcons_15-20,0.0238761960595991
17,carlson,phastcons_20-25,0.0233882040231532
17,carlson,phastcons_25-30,0.0238581076280086
17,carlson,phastcons_30-35,0.0234692246344238
17,carlson,phastcons_35-40,0.0250534429729061
17,carlson,phastcons_40-45,0.0255321177506602
17,carlson,phastcons_45-50,0.0247807324143147
17,carlson,phastcons_50-55,0.0287878307863929
17,carlson,phastcons_55-60,0.0259832709962346
17,carlson,phastcons_60-65,0.0293889261888936
17,carlson,phastcons_65-70,0.0317521850295948
17,carlson,phastcons_70-75,0.0301738922472072
17,carlson,phastcons_75-80,0.0457553264065292
17,gnomad,ccds_merged,0.0329525709173889
17,gnomad,promoters,0.0290651651167543
17,gnomad,enhancers,0.0872526551784597
17,gnomad,ccds_lof_d1,0.0043623819756306
17,gnomad,ccds_lof_d2,0.0034865092675
17,gnomad,ccds_lof_d3,0.003613095499412
17,gnomad,ccds_lof_d4,0.0027155075535
17,gnomad,ccds_lof_d5,0.0037651269143245
17,gnomad,ccds_lof_d6,0.0030106219579719
17,gnomad,ccds_lof_d7,0.0020314229602014
17,gnomad,ccds_lof_d8,0.0024314160559224
17,gnomad,ccds_lof_d9,0.0024569744941114
17,gnomad,ccds_lof_d10,0.002886024001
17,gnomad,ccds_lof_d11,0.0023428999348676
17,gnomad,phastcons_0-5,0.029148282000861
17,gnomad,phastcons_5-10,0.0242657838256131
17,gnomad,phastcons_10-15,0.020849240440022
17,gnomad,phastcons_15-20,0.0195405933539021
17,gnomad,phastcons_20-25,0.0191509318585702
17,gnomad,phastcons_25-30,0.01951680041215
17,gnomad,phastcons_30-35,0.019260785330631
17,gnomad,phastcons_35-40,0.0205898139078492
17,gnomad,phastcons_40-45,0.0210294145200238
17,gnomad,phastcons_45-50,0.0204192762922999
17,gnomad,phastcons_50-55,0.0238191519858081
17,gnomad,phastcons_55-60,0.0215607306799812
17,gnomad,phastcons_60-65,0.0244530212631523
17,gnomad,phastcons_65-70,0.0265288325123214
17,gnomad,phastcons_70-75,0.0253064145016519
17,gnomad,phastcons_75-80,0.0387115893795038
17,roulette,ccds_merged,0.030338470271987
17,roulette,promoters,0.0219340087372872
17,roulette,enhancers,0.0866503167345432
17,roulette,ccds_lof_d1,0.0040034940168109
17,roulette,ccds_lof_d2,0.00326500140225
17,roulette,ccds_lof_d3,0.0034018523628301
17,roulette,ccds_lof_d4,0.00248225989375
17,roulette,ccds_lof_d5,0.0034935944587457
17,roulette,ccds_lof_d6,0.0026855828944111
17,roulette,ccds_lof_d7,0.001835234791699
17,roulette,ccds_lof_d8,0.0022152389182086
17,roulette,ccds_lof_d9,0.0022737741866906
17,roulette,ccds_lof_d10,0.00270694851525
17,roulette,ccds_lof_d11,0.0021071367573102
17,roulette,phastcons_0-5,0.0270188149380222
17,roulette,phastcons_5-10,0.0230739635070718
17,roulette,phastcons_10-15,0.0200521706953602
17,roulette,phastcons_15-20,0.0188887326709348
17,roulette,phastcons_20-25,0.0185810889338657
17,roulette,phastcons_25-30,0.0189785168961744
17,roulette,phastcons_30-35,0.0187461773928592
17,roulette,phastcons_35-40,0.0200815959934232
17,roulette,phastcons_40-45,0.0205418790332872
17,roulette,phastcons_45-50,0.0199937999920861
17,roulette,phastcons_50-55,0.0233314260467999
17,roulette,phastcons_55-60,0.021125998492471
17,roulette,phastcons_60-65,0.0240030609650471
17,roulette,phastcons_65-70,0.0260785683803203
17,roulette,phastcons_70-75,0.024949960379461
17,roulette,phastcons_75-80,0.038228256486075
18,carlson,ccds_merged,0.0087767702534232
18,carlson,promoters,0.0076459142062405
18,carlson,enhancers,0.0952498214416764
18,carlson,ccds_lof_d1,0.001327867511809
18,carlson,ccds_lof_d2,0.00130433955991
18,carlson,ccds_lof_d3,0.0009732947976574
18,carlson,ccds_lof_d4,0.001275254556336
18,carlson,ccds_lof_d5,0.0009984896245823
18,carlson,ccds_lof_d6,0.0007298834310442
18,carlson,ccds_lof_d7,0.0003937513582891
18,carlson,ccds_lof_d8,0.0006809984739839
18,carlson,ccds_lof_d9,0.0005010730025952
18,carlson,ccds_lof_d10,0.0005992989384178
18,carlson,ccds_lof_d11,2.010550867638669e-05
18,carlson,phastcons_0-5,0.0274224186109291
18,carlson,phastcons_5-10,0.0220882231653602
18,carlson,phastcons_10-15,0.0191049466245406
18,carlson,phastcons_15-20,0.0182705023302524
18,carlson,phastcons_20-25,0.0182436900468724
18,carlson,phastcons_25-30,0.0188522932992759
18,carlson,phastcons_30-35,0.0187327410530244
18,carlson,phastcons_35-40,0.0203019587317136
18,carlson,phastcons_40-45,0.0207702330133058
18,carlson,phastcons_45-50,0.0203184245062431
18,carlson,phastcons_50-55,0.0236882643792129
18,carlson,phastcons_55-60,0.0213548422048962
18,carlson,phastcons_60-65,0.024129025204943
18,carlson,phastcons_65-70,0.026037936825448
18,carlson,phastcons_70-75,0.0246832376240428
18,carlson,phastcons_75-80,0.0371536503361021
18,gnomad,ccds_merged,0.0079587255263394
18,gnomad,promoters,0.0076936356186164
18,gnomad,enhancers,0.0733506748121241
18,gnomad,ccds_lof_d1,0.00123160531375
18,gnomad,ccds_lof_d2,0.0012209695855
18,gnomad,ccds_lof_d3,0.00089065026925
18,gnomad,ccds_lof_d4,0.0012806603145
18,gnomad,ccds_lof_d5,0.0008621084185
18,gnomad,ccds_lof_d6,0.0006274018485
18,gnomad,ccds_lof_d7,0.0003376215815
18,gnomad,ccds_lof_d8,0.0005914441056727
18,gnomad,ccds_lof_d9,0.000436250857
18,gnomad,ccds_lof_d10,0.00047535987275
18,gnomad,ccds_lof_d11,1.89988715e-05
18,gnomad,phastcons_0-5,0.0209335804739875
18,gnomad,phastcons_5-10,0.0168328661400372
18,gnomad,phastcons_10-15,0.0145503969404506
18,gnomad,phastcons_15-20,0.0139252319479176
18,gnomad,phastcons_20-25,0.013897439524809
18,gnomad,phastcons_25-30,0.0143856003000046
18,gnomad,phastcons_30-35,0.0142837116606047
18,gnomad,phastcons_35-40,0.0155059674328984
18,gnomad,phastcons_40-45,0.0158679930588943
18,gnomad,phastcons_45-50,0.0155347032399778
18,gnomad,phastcons_50-55,0.0181314935927364
18,gnomad,phastcons_55-60,0.0163773041658607
18,gnomad,phastcons_60-65,0.0185158871361267
18,gnomad,phastcons_65-70,0.0200246939389475
18,gnomad,phastcons_70-75,0.0190203098125579
18,gnomad,phastcons_75-80,0.028737557564158
18,roulette,ccds_merged,0.0075436420850183
18,roulette,promoters,0.0056212449671977
18,roulette,enhancers,0.0746050590869786
18,roulette,ccds_lof_d1,0.001209258414
18,roulette,ccds_lof_d2,0.00110527394775
18,roulette,ccds_lof_d3,0.00082991774425
18,roulette,ccds_lof_d4,0.001166488344
18,roulette,ccds_lof_d5,0.000844657828
18,roulette,ccds_lof_d6,0.00060029926775
18,roulette,ccds_lof_d7,0.00033192484325
18,roulette,ccds_lof_d8,0.0005671230866415
18,roulette,ccds_lof_d9,0.00041732613125
18,roulette,ccds_lof_d10,0.000464245166
18,roulette,ccds_lof_d11,2.01904815e-05
18,roulette,phastcons_0-5,0.020559146937867
18,roulette,phastcons_5-10,0.0166151653493018
18,roulette,phastcons_10-15,0.0144382542062903
18,roulette,phastcons_15-20,0.0138647522805458
18,roulette,phastcons_20-25,0.0138813817826579
18,roulette,phastcons_25-30,0.0143952930828979
18,roulette,phastcons_30-35,0.0143337895158727
18,roulette,phastcons_35-40,0.0155628611614353
18,roulette,phastcons_40-45,0.0159620108564992
18,roulette,phastcons_45-50,0.0156463500396966
18,roulette,phastcons_50-55,0.0182980473528984
18,roulette,phastcons_55-60,0.0165602943180739
18,roulette,phastcons_60-65,0.0187497521402637
18,roulette,phastcons_65-70,0.0203247043730159
18,roulette,phastcons_70-75,0.0193759211840251
18,roulette,phastcons_75-80,0.029360432899688
19,carlson,ccds_merged,0.0385708089099915
19,carlson,promoters,0.0279730962689518
19,carlson,enhancers,0.048611430750434
19,carlson,ccds_lof_d1,0.0054395091772759
19,carlson,ccds_lof_d2,0.003781048133851
19,carlson,ccds_lof_d3,0.0033488096640764
19,carlson,ccds_lof_d4,0.0031458001268269
19,carlson,ccds_lof_d5,0.0023315841643771
19,carlson,ccds_lof_d6,0.0027568970841251
19,carlson,ccds_lof_d7,0.0033019206601703
19,carlson,ccds_lof_d8,0.0031489020132934
19,carlson,ccds_lof_d9,0.0054598535571871
19,carlson,ccds_lof_d10,0.0051778422339183
19,carlson,ccds_lof_d11,0.0007899323587583
19,carlson,phastcons_0-5,0.010404453685926
19,carlson,phastcons_5-10,0.0114994704465126
19,carlson,phastcons_10-15,0.0123152567928605
19,carlson,phastcons_15-20,0.0124940527555571
19,carlson,phastcons_20-25,0.0127076116812898
19,carlson,phastcons_25-30,0.013182475502683
19,carlson,phastcons_30-35,0.0133027525690446
19,carlson,phastcons_35-40,0.0144175113146108
19,carlson,phastcons_40-45,0.0148509830172593
19,carlson,phastcons_45-50,0.014672898381083
19,carlson,phastcons_50-55,0.017387347413471
19,carlson,phastcons_55-60,0.0159507795241169
19,carlson,phastcons_60-65,0.0184176843494658
19,carlson,phastcons_65-70,0.0203358469163806
19,carlson,phastcons_70-75,0.0199010369128675
19,carlson,phastcons_75-80,0.0310626047491306
19,gnomad,ccds_merged,0.0413353743435523
19,gnomad,promoters,0.029969929063631
19,gnomad,enhancers,0.0420638914080236
19,gnomad,ccds_lof_d1,0.0063998328136922
19,gnomad,ccds_lof_d2,0.0045599420055
19,gnomad,ccds_lof_d3,0.0038962456139765
19,gnomad,ccds_lof_d4,0.0034619891512499
19,gnomad,ccds_lof_d5,0.0025337329921856
19,gnomad,ccds_lof_d6,0.002929138722619
19,gnomad,ccds_lof_d7,0.0033098486524061
19,gnomad,ccds_lof_d8,0.0030940317141361
19,gnomad,ccds_lof_d9,0.00531042595125
19,gnomad,ccds_lof_d10,0.0051879334674999
19,gnomad,ccds_lof_d11,0.0008246187214384
19,gnomad,phastcons_0-5,0.00944568038575
19,gnomad,phastcons_5-10,0.009872114437128
19,gnomad,phastcons_10-15,0.010350058929864
19,gnomad,phastcons_15-20,0.0104987240438389
19,gnomad,phastcons_20-25,0.0106892781931093
19,gnomad,phastcons_25-30,0.0111326791780237
19,gnomad,phastcons_30-35,0.0112435299996856
19,gnomad,phastcons_35-40,0.0122148198187875
19,gnomad,phastcons_40-45,0.0126551359209486
19,gnomad,phastcons_45-50,0.0125482746997054
19,gnomad,phastcons_50-55,0.0149188632551883
19,gnomad,phastcons_55-60,0.0137342966865548
19,gnomad,phastcons_60-65,0.0159683337697297
19,gnomad,phastcons_65-70,0.0177303862579259
19,gnomad,phastcons_70-75,0.0174451986896583
19,gnomad,phastcons_75-80,0.0274421316587094
19,roulette,ccds_merged,0.0377649071249968
19,roulette,promoters,0.022172457299728
19,roulette,enhancers,0.0417353803623306
19,roulette,ccds_lof_d1,0.0059424733412223
19,roulette,ccds_lof_d2,0.0040868815645
19,roulette,ccds_lof_d3,0.003463889124284
19,roulette,ccds_lof_d4,0.00319407492775
19,roulette,ccds_lof_d5,0.0022491312735639
19,roulette,ccds_lof_d6,0.0025870093280236
19,roulette,ccds_lof_d7,0.0029607338085467
19,roulette,ccds_lof_d8,0.0028684894671131
19,roulette,ccds_lof_d9,0.00502051809875
19,roulette,ccds_lof_d10,0.0047996186245
19,roulette,ccds_lof_d11,0.0007440003688436
19,roulette,phastcons_0-5,0.008551354903
19,roulette,phastcons_5-10,0.009240612559366
19,roulette,phastcons_10-15,0.0099114533090911
19,roulette,phastcons_15-20,0.0101229274420698
19,roulette,phastcons_20-25,0.0103357800718814
19,roulette,phastcons_25-30,0.0107693263269095
19,roulette,phastcons_30-35,0.010877345384138
19,roulette,phastcons_35-40,0.0118441114804852
19,roulette,phastcons_40-45,0.0122431325168452
19,roulette,phastcons_45-50,0.0121533919868366
19,roulette,phastcons_50-55,0.0144731577874405
19,roulette,phastcons_55-60,0.0133325823736787
19,roulette,phastcons_60-65,0.0154932987399766
19,roulette,phastcons_65-70,0.017185225341419
19,roulette,phastcons_70-75,0.016925336150569
19,roulette,phastcons_75-80,0.0265896328454049
20,carlson,ccds_merged,0.0136535512470472
20,carlson,promoters,0.0127246646931518
20,carlson,enhancers,0.0858236867936365
20,carlson,ccds_lof_d1,0.0017906452612259
20,carlson,ccds_lof_d2,0.0020570814817391
20,carlson,ccds_lof_d3,0.0018217225596671
20,carlson,ccds_lof_d4,0.0013876943441725
20,carlson,ccds_lof_d5,0.0014383351087707
20,carlson,ccds_lof_d6,0.001041824069544
20,carlson,ccds_lof_d7,0.0008819955295139
20,carlson,ccds_lof_d8,0.0009595823127756
20,carlson,ccds_lof_d9,0.0009259782641388
20,carlson,ccds_lof_d10,0.0012453592504661
20,carlson,ccds_lof_d11,0.0001451777273437
20,carlson,phastcons_0-5,0.0234096940106151
20,carlson,phastcons_5-10,0.0214421135032694
20,carlson,phastcons_10-15,0.0188381718617993
20,carlson,phastcons_15-20,0.0181006402183959
20,carlson,phastcons_20-25,0.0180649090952585
20,carlson,phastcons_25-30,0.0186744681965842
20,carlson,phastcons_30-35,0.0185848589160114
20,carlson,phastcons_35-40,0.0201314473385836
20,carlson,phastcons_40-45,0.0206700250276371
20,carlson,phastcons_45-50,0.0202580717256304
20,carlson,phastcons_50-55,0.0236971381147707
20,carlson,phastcons_55-60,0.0216606248573518
20,carlson,phastcons_60-65,0.0246091133001586
20,carlson,phastcons_65-70,0.0267140202386749
20,carlson,phastcons_70-75,0.0257388713621314
20,carlson,phastcons_75-80,0.0392890711884135
20,gnomad,ccds_merged,0.0140254544510169
20,gnomad,promoters,0.0130770218967087
20,gnomad,enhancers,0.0686049251251654
20,gnomad,ccds_lof_d1,0.00188137664575
20,gnomad,ccds_lof_d2,0.0020255684447199
20,gnomad,ccds_lof_d3,0.00192918679975
20,gnomad,ccds_lof_d4,0.0014109503835
20,gnomad,ccds_lof_d5,0.00155518706
20,gnomad,ccds_lof_d6,0.001040488477
20,gnomad,ccds_lof_d7,0.00088103050525
20,gnomad,ccds_lof_d8,0.001005011385
20,gnomad,ccds_lof_d9,0.00094853460275
20,gnomad,ccds_lof_d10,0.0012101608505
20,gnomad,ccds_lof_d11,0.0001692294275
20,gnomad,phastcons_0-5,0.0188332201256652
20,gnomad,phastcons_5-10,0.017104220960939
20,gnomad,phastcons_10-15,0.0149770107382869
20,gnomad,phastcons_15-20,0.0143940242696968
20,gnomad,phastcons_20-25,0.014364514028862
20,gnomad,phastcons_25-30,0.0148665307848844
20,gnomad,phastcons_30-35,0.0148183700892618
20,gnomad,phastcons_35-40,0.0160611782172201
20,gnomad,phastcons_40-45,0.016511799599918
20,gnomad,phastcons_45-50,0.016202676050364
20,gnomad,phastcons_50-55,0.0189841156601813
20,gnomad,phastcons_55-60,0.0173889886655747
20,gnomad,phastcons_60-65,0.0197956032269527
20,gnomad,phastcons_65-70,0.0215547088986542
20,gnomad,phastcons_70-75,0.0208441123145196
20,gnomad,phastcons_75-80,0.0319241809561636
20,roulette,ccds_merged,0.0127655664655106
20,roulette,promoters,0.0098331350338518
20,roulette,enhancers,0.0692570010519271
20,roulette,ccds_lof_d1,0.0017134479915
20,roulette,ccds_lof_d2,0.0018595771144832
20,roulette,ccds_lof_d3,0.00177439747275
20,roulette,ccds_lof_d4,0.00127200505425
20,roulette,ccds_lof_d5,0.00142810271625
20,roulette,ccds_lof_d6,0.0009353687839999
20,roulette,ccds_lof_d7,0.0007777091385
20,roulette,ccds_lof_d8,0.00088339687625
20,roulette,ccds_lof_d9,0.0008858079579999
20,roulette,ccds_lof_d10,0.00114353416975
20,roulette,ccds_lof_d11,0.00012331169025
20,roulette,phastcons_0-5,0.0179352990427269
20,roulette,phastcons_5-10,0.0165021009948724
20,roulette,phastcons_10-15,0.0145924663777073
20,roulette,phastcons_15-20,0.0140813086770547
20,roulette,phastcons_20-25,0.0141010979409399
20,roulette,phastcons_25-30,0.0146296341700943
20,roulette,phastcons_30-35,0.0146177487199417
20,roulette,phastcons_35-40,0.0158691629524811
20,roulette,phastcons_40-45,0.0163528363598216
20,roulette,phastcons_45-50,0.0160850918422175
20,roulette,phastcons_50-55,0.0188748770595683
20,roulette,phastcons_55-60,0.0173151490624788
20,roulette,phastcons_60-65,0.0197548873605819
20,roulette,phastcons_65-70,0.0215581419671964
20,roulette,phastcons_70-75,0.0209045287761254
20,roulette,phastcons_75-80,0.0321085679162578
21,carlson,ccds_merged,0.0047695741937731
21,carlson,promoters,0.0049773063933799
21,carlson,enhancers,0.0427813751642181
21,carlson,ccds_lof_d1,0.000321872076799
21,carlson,ccds_lof_d2,0.0008059166718243
21,carlson,ccds_lof_d3,0.0005856156463075
21,carlson,ccds_lof_d4,0.0005263632372467
21,carlson,ccds_lof_d5,0.0004822153975771
21,carlson,ccds_lof_d6,0.0005784665591302
21,carlson,ccds_lof_d7,0.0003850483393951
21,carlson,ccds_lof_d8,0.0003261765060852
21,carlson,ccds_lof_d9,0.0004172374612492
21,carlson,ccds_lof_d10,0.0003076907772723
21,carlson,ccds_lof_d11,6.636287383789884e-05
21,carlson,phastcons_0-5,0.008074879860988
21,carlson,phastcons_5-10,0.0075312339325031
21,carlson,phastcons_10-15,0.0070055541005628
21,carlson,phastcons_15-20,0.0069047432373389
21,carlson,phastcons_20-25,0.0070194049742651
21,carlson,phastcons_25-30,0.0073488750964879
21,carlson,phastcons_30-35,0.0074815504440922
21,carlson,phastcons_35-40,0.0081862929309593
21,carlson,phastcons_40-45,0.0085570171266271
21,carlson,phastcons_45-50,0.0084505382700624
21,carlson,phastcons_50-55,0.010029801489275
21,carlson,phastcons_55-60,0.0091887584765155
21,carlson,phastcons_60-65,0.010532411037244
21,carlson,phastcons_65-70,0.0115768144979886
21,carlson,phastcons_70-75,0.0111854653962436
21,carlson,phastcons_75-80,0.0172383555849694
21,gnomad,ccds_merged,0.0052949388903806
21,gnomad,promoters,0.005144935124
21,gnomad,enhancers,0.0342708279549708
21,gnomad,ccds_lof_d1,0.0003374591897918
21,gnomad,ccds_lof_d2,0.0008062977591993
21,gnomad,ccds_lof_d3,0.0006502128650922
21,gnomad,ccds_lof_d4,0.0006247765781076
21,gnomad,ccds_lof_d5,0.0005838955387272
21,gnomad,ccds_lof_d6,0.000591257817668
21,gnomad,ccds_lof_d7,0.0004469549162006
21,gnomad,ccds_lof_d8,0.0003369707635
21,gnomad,ccds_lof_d9,0.0005067162697164
21,gnomad,ccds_lof_d10,0.0003634091373825
21,gnomad,ccds_lof_d11,6.8791219e-05
21,gnomad,phastcons_0-5,0.0063452858113456
21,gnomad,phastcons_5-10,0.0058545891444035
21,gnomad,phastcons_10-15,0.0054379171104883
21,gnomad,phastcons_15-20,0.0053797796622928
21,gnomad,phastcons_20-25,0.0054828855927828
21,gnomad,phastcons_25-30,0.0057482192318274
21,gnomad,phastcons_30-35,0.0058519152789011
21,gnomad,phastcons_35-40,0.0064199318178462
21,gnomad,phastcons_40-45,0.0067302742244492
21,gnomad,phastcons_45-50,0.0066736700810641
21,gnomad,phastcons_50-55,0.0079244322818527
21,gnomad,phastcons_55-60,0.0072714622106994
21,gnomad,phastcons_60-65,0.0083777550780614
21,gnomad,phastcons_65-70,0.0092311491695663
21,gnomad,phastcons_70-75,0.0089486558452221
21,gnomad,phastcons_75-80,0.01391735875671
21,roulette,ccds_merged,0.0051948211902177
21,roulette,promoters,0.0038641724975
21,roulette,enhancers,0.0349350446057298
21,roulette,ccds_lof_d1,0.0003367480357029
21,roulette,ccds_lof_d2,0.0008170658446436
21,roulette,ccds_lof_d3,0.0006028946261645
21,roulette,ccds_lof_d4,0.0006138207485886
21,roulette,ccds_lof_d5,0.0005739914375077
21,roulette,ccds_lof_d6,0.000596491173277
21,roulette,ccds_lof_d7,0.0004332462768389
21,roulette,ccds_lof_d8,0.0003301201225
21,roulette,ccds_lof_d9,0.000471525136388
21,roulette,ccds_lof_d10,0.0003669849509685
21,roulette,ccds_lof_d11,7.3088932e-05
21,roulette,phastcons_0-5,0.0061953270744336
21,roulette,phastcons_5-10,0.005765466095529
21,roulette,phastcons_10-15,0.0053975688841664
21,roulette,phastcons_15-20,0.0053553353075657
21,roulette,phastcons_20-25,0.0054651193699243
21,roulette,phastcons_25-30,0.0057379031153886
21,roulette,phastcons_30-35,0.0058547304240877
21,roulette,phastcons_35-40,0.006429221593221
21,roulette,phastcons_40-45,0.0067422288876021
21,roulette,phastcons_45-50,0.0066974412356119
21,roulette,phastcons_50-55,0.007955058214975
21,roulette,phastcons_55-60,0.0073134147907713
21,roulette,phastcons_60-65,0.0084382817534967
21,roulette,phastcons_65-70,0.009318279345529
21,roulette,phastcons_70-75,0.0090469564822477
21,roulette,phastcons_75-80,0.0141140367325263
22,carlson,ccds_merged,0.0106834844121534
22,carlson,promoters,0.0115714324827611
22,carlson,enhancers,0.0445760982302675
22,carlson,ccds_lof_d1,0.0012977428052991
22,carlson,ccds_lof_d2,0.0013753802225183
22,carlson,ccds_lof_d3,0.0012567459725043
22,carlson,ccds_lof_d4,0.0009378698495183
22,carlson,ccds_lof_d5,0.0009944075319345
22,carlson,ccds_lof_d6,0.0008415865152135
22,carlson,ccds_lof_d7,0.0006150875654435
22,carlson,ccds_lof_d8,0.0007852528456427
22,carlson,ccds_lof_d9,0.0010818362172139
22,carlson,ccds_lof_d10,0.0011167073614312
22,carlson,ccds_lof_d11,0.0003899813781351
22,carlson,phastcons_0-5,0.0097397858986115
22,carlson,phastcons_5-10,0.010031993337762
22,carlson,phastcons_10-15,0.0095086795879392
22,carlson,phastcons_15-20,0.0092727028058318
22,carlson,phastcons_20-25,0.0093522790423511
22,carlson,phastcons_25-30,0.0097168481986682
22,carlson,phastcons_30-35,0.0097256596717996
22,carlson,phastcons_35-40,0.0105695852349433
22,carlson,phastcons_40-45,0.0110243913165037
22,carlson,phastcons_45-50,0.0109341010248594
22,carlson,phastcons_50-55,0.0129460089695822
22,carlson,phastcons_55-60,0.0118819212663463
22,carlson,phastcons_60-65,0.0138412700515573
22,carlson,phastcons_65-70,0.0152684202952934
22,carlson,phastcons_70-75,0.0148934310774086
22,carlson,phastcons_75-80,0.0231917282938364
22,gnomad,ccds_merged,0.0127086719453387
22,gnomad,promoters,0.012085025561317
22,gnomad,enhancers,0.0383517763246999
22,gnomad,ccds_lof_d1,0.0015327849275465
22,gnomad,ccds_lof_d2,0.00180214127975
22,gnomad,ccds_lof_d3,0.00146712154925
22,gnomad,ccds_lof_d4,0.0010917550105
22,gnomad,ccds_lof_d5,0.00118437442025
22,gnomad,ccds_lof_d6,0.0009716411284999
22,gnomad,ccds_lof_d7,0.0007249574421407
22,gnomad,ccds_lof_d8,0.0009210800708482
22,gnomad,ccds_lof_d9,0.00128069193175
22,gnomad,ccds_lof_d10,0.0012286379656764
22,gnomad,ccds_lof_d11,0.0005432899453604
22,gnomad,phastcons_0-5,0.0083067734580241
22,gnomad,phastcons_5-10,0.0083755648138134
22,gnomad,phastcons_10-15,0.0078987960239137
22,gnomad,phastcons_15-20,0.0077100562095377
22,gnomad,phastcons_20-25,0.0077887859495884
22,gnomad,phastcons_25-30,0.008102298360176
22,gnomad,phastcons_30-35,0.0081297455393003
22,gnomad,phastcons_35-40,0.0088555959761893
22,gnomad,phastcons_40-45,0.0092592105177178
22,gnomad,phastcons_45-50,0.0091921930617448
22,gnomad,phastcons_50-55,0.0109054204813716
22,gnomad,phastcons_55-60,0.0100629271131395
22,gnomad,phastcons_60-65,0.0117285443485873
22,gnomad,phastcons_65-70,0.0130120213245986
22,gnomad,phastcons_70-75,0.0127401820080415
22,gnomad,phastcons_75-80,0.0199529094336028
22,roulette,ccds_merged,0.0119406329793262
22,roulette,promoters,0.0093236681539964
22,roulette,enhancers,0.0384643323043993
22,roulette,ccds_lof_d1,0.0014685901276349
22,roulette,ccds_lof_d2,0.0017019561615
22,roulette,ccds_lof_d3,0.00141948069725
22,roulette,ccds_lof_d4,0.001037543962
22,roulette,ccds_lof_d5,0.0010693047837499
22,roulette,ccds_lof_d6,0.00092455116775
22,roulette,ccds_lof_d7,0.0006812708594823
22,roulette,ccds_lof_d8,0.0008505372207502
22,roulette,ccds_lof_d9,0.00115145188025
22,roulette,ccds_lof_d10,0.0011931435388039
22,roulette,ccds_lof_d11,0.0004654576182188
22,roulette,phastcons_0-5,0.0078608232693713
22,roulette,phastcons_5-10,0.0080846214843671
22,roulette,phastcons_10-15,0.0077102064536221
22,roulette,phastcons_15-20,0.0075614146363675
22,roulette,phastcons_20-25,0.0076570667069654
22,roulette,phastcons_25-30,0.0079872313908501
22,roulette,phastcons_30-35,0.0080209724837516
22,roulette,phastcons_35-40,0.0087488744057154
22,roulette,phastcons_40-45,0.0091698525980416
22,roulette,phastcons_45-50,0.0091166932417597
22,roulette,phastcons_50-55,0.0108369297059574
22,roulette,phastcons_55-60,0.0099977489260123
22,roulette,phastcons_60-65,0.0116647422522568
22,roulette,phastcons_65-70,0.0129582699158847
22,roulette,phastcons_70-75,0.01270084285912
22,roulette,phastcons_75-80,0.0199469607082307
