cons_model,mut_model,chrom,Ne,ll
merged_cds,roulette,1,22921.875,-29720300843.094635
merged_cds,roulette,2,22617.1875,-33076470054.622204
merged_cds,roulette,3,23648.4375,-28226311890.247017
merged_cds,roulette,4,24773.4375,-28598831497.32878
merged_cds,roulette,5,23578.125,-25607492576.541527
merged_cds,roulette,6,24609.375,-24886001436.60774
merged_cds,roulette,7,24023.4375,-21920767582.834908
merged_cds,roulette,8,23765.625,-22099683932.713257
merged_cds,roulette,9,23742.1875,-16499839158.760448
merged_cds,roulette,10,24328.125,-19311759480.111473
merged_cds,roulette,11,24070.3125,-19024282766.33201
merged_cds,roulette,12,23109.375,-17875350457.671295
merged_cds,roulette,13,24093.75,-14561084735.811169
merged_cds,roulette,14,23437.5,-12387405501.933393
merged_cds,roulette,15,23929.6875,-11053222572.207954
merged_cds,roulette,16,23976.5625,-11521778056.544594
merged_cds,roulette,17,22546.875,-9544174750.57986
merged_cds,roulette,18,24140.625,-11409435994.06231
merged_cds,roulette,19,24726.5625,-6983528269.154672
merged_cds,roulette,20,23648.4375,-8768378370.478497
merged_cds,roulette,21,26707.03125,-5492034880.991858
merged_cds,roulette,22,24117.1875,-4758205631.796025
merged_cds,gnomad,1,23296.875,-29782285507.211563
merged_cds,gnomad,2,23718.75,-33156352418.3681
merged_cds,gnomad,3,24867.1875,-28305134532.0379
merged_cds,gnomad,4,26273.4375,-28658209414.370377
merged_cds,gnomad,5,24820.3125,-25671615006.29532
merged_cds,gnomad,6,25476.5625,-24926792543.87452
merged_cds,gnomad,7,25265.625,-21988469925.548164
merged_cds,gnomad,8,26250.0,-22224816942.189445
merged_cds,gnomad,9,25617.1875,-16560874646.626036
merged_cds,gnomad,10,25242.1875,-19350501583.840614
merged_cds,gnomad,11,25195.3125,-19067659986.580193
merged_cds,gnomad,12,23695.3125,-17911101547.534416
merged_cds,gnomad,13,25195.3125,-14582678177.372849
merged_cds,gnomad,14,24164.0625,-12416247793.690926
merged_cds,gnomad,15,24820.3125,-11078321785.897308
merged_cds,gnomad,16,27398.4375,-11598988498.922386
merged_cds,gnomad,17,22500.0,-9570596012.959883
merged_cds,gnomad,18,25101.5625,-11425794007.457523
merged_cds,gnomad,19,24656.25,-7009994041.538494
merged_cds,gnomad,20,24070.3125,-8787414609.466026
merged_cds,gnomad,21,27908.203125,-5502522715.638377
merged_cds,gnomad,22,24468.75,-4769984161.915867
merged_cds,carlson,1,17859.375,-27618954417.539673
merged_cds,carlson,2,17906.25,-30810011388.273796
merged_cds,carlson,3,18562.5,-26020173964.06202
merged_cds,carlson,4,19265.625,-26703581713.945198
merged_cds,carlson,5,18468.75,-23719205028.80523
merged_cds,carlson,6,19078.125,-22584346305.873615
merged_cds,carlson,7,18843.75,-19681162516.424328
merged_cds,carlson,8,19171.875,-19785695960.103397
merged_cds,carlson,9,19125.0,-14265932727.355183
merged_cds,carlson,10,19312.5,-17104392921.959002
merged_cds,carlson,11,19218.75,-17155462266.711308
merged_cds,carlson,12,17953.125,-15968089505.304825
merged_cds,carlson,13,18281.25,-12719980338.499453
merged_cds,carlson,14,18046.875,-10567670449.732347
merged_cds,carlson,15,18937.5,-9483667116.360695
merged_cds,carlson,16,21281.25,-9594608167.453835
merged_cds,carlson,17,17812.5,-7750925438.815134
merged_cds,carlson,18,18328.125,-9523659822.157923
merged_cds,carlson,19,20578.125,-4778244822.095169
merged_cds,carlson,20,18515.625,-6968138929.92788
merged_cds,carlson,21,21187.5,-3883814318.405065
merged_cds,carlson,22,19171.875,-3151158361.037938
split_cds,roulette,1,23507.8125,-29721258730.497498
split_cds,roulette,2,23250.0,-33077974075.475456
split_cds,roulette,3,24328.125,-28228353643.17801
split_cds,roulette,4,25535.15625,-28599509551.59661
split_cds,roulette,5,24328.125,-25608264184.61786
split_cds,roulette,6,25359.375,-24885323793.537453
split_cds,roulette,7,24726.5625,-21921799749.04916
split_cds,roulette,8,24492.1875,-22100444628.467285
split_cds,roulette,9,24445.3125,-16500583529.983522
split_cds,roulette,10,25078.125,-19312976203.022312
split_cds,roulette,11,24726.5625,-19025399735.322674
split_cds,roulette,12,23789.0625,-17876398635.38462
split_cds,roulette,13,24867.1875,-14561416709.344902
split_cds,roulette,14,24140.625,-12387478746.597681
split_cds,roulette,15,24585.9375,-11054571325.724358
split_cds,roulette,16,24609.375,-11523714888.831596
split_cds,roulette,17,23062.5,-9545074961.838902
split_cds,roulette,18,24890.625,-11409560916.786762
split_cds,roulette,19,25218.75,-6983397005.210871
split_cds,roulette,20,24328.125,-8768955230.450037
split_cds,roulette,21,27515.625,-5492063207.823929
split_cds,roulette,22,24703.125,-4758952516.871229
split_cds,gnomad,1,23976.5625,-29784396527.859688
split_cds,gnomad,2,24445.3125,-33158796508.003235
split_cds,gnomad,3,25617.1875,-28308488153.27393
split_cds,gnomad,4,27128.90625,-28659436990.53195
split_cds,gnomad,5,25617.1875,-25673198229.702736
split_cds,gnomad,6,26250.0,-24926906807.835
split_cds,gnomad,7,26015.625,-21990257279.15143
split_cds,gnomad,8,27152.34375,-22226323278.392303
split_cds,gnomad,9,26437.5,-16562452857.245876
split_cds,gnomad,10,26027.34375,-19352412814.719025
split_cds,gnomad,11,25910.15625,-19069855974.30465
split_cds,gnomad,12,24445.3125,-17912867020.92163
split_cds,gnomad,13,26027.34375,-14583242590.45737
split_cds,gnomad,14,24914.0625,-12416738962.835617
split_cds,gnomad,15,25546.875,-11080154244.00334
split_cds,gnomad,16,28136.71875,-11602575166.100285
split_cds,gnomad,17,23062.5,-9572140556.8261
split_cds,gnomad,18,25921.875,-11426093919.188168
split_cds,gnomad,19,25148.4375,-7010535827.503333
split_cds,gnomad,20,24796.875,-8788356768.03544
split_cds,gnomad,21,28810.546875,-5502668379.568554
split_cds,gnomad,22,25101.5625,-4771003215.493104
split_cds,carlson,1,18375.0,-27620176966.490025
split_cds,carlson,2,18468.75,-30811584919.997498
split_cds,carlson,3,19125.0,-26022085856.04989
split_cds,carlson,4,19921.875,-26704296508.37816
split_cds,carlson,5,19125.0,-23720158045.766285
split_cds,carlson,6,19687.5,-22583710024.115772
split_cds,carlson,7,19453.125,-19682095651.473427
split_cds,carlson,8,19781.25,-19786532651.44709
split_cds,carlson,9,19734.375,-14266713271.716122
split_cds,carlson,10,19921.875,-17105640289.579063
split_cds,carlson,11,19828.125,-17156429515.405083
split_cds,carlson,12,18515.625,-15969071024.112444
split_cds,carlson,13,18890.625,-12720314582.91529
split_cds,carlson,14,18656.25,-10567868298.978832
split_cds,carlson,15,19546.875,-9484902378.47103
split_cds,carlson,16,21890.625,-9596998202.681911
split_cds,carlson,17,18281.25,-7751899367.187426
split_cds,carlson,18,18984.375,-9523788470.748936
split_cds,carlson,19,21000.0,-4778350326.891126
split_cds,carlson,20,19078.125,-6968607347.084239
split_cds,carlson,21,21937.5,-3883916250.281107
split_cds,carlson,22,19687.5,-3151727072.8443847
merged_cds_regulatory,roulette,1,25218.75,-29707442412.557117
merged_cds_regulatory,roulette,2,24609.375,-33063433014.022293
merged_cds_regulatory,roulette,3,25781.25,-28215391917.862
merged_cds_regulatory,roulette,4,26671.875,-28591071751.568264
merged_cds_regulatory,roulette,5,25617.1875,-25598037380.349384
merged_cds_regulatory,roulette,6,26953.125,-24879957194.883675
merged_cds_regulatory,roulette,7,26132.8125,-21909533383.32258
merged_cds_regulatory,roulette,8,25781.25,-22091355499.26073
merged_cds_regulatory,roulette,9,25851.5625,-16492080856.527908
merged_cds_regulatory,roulette,10,26542.96875,-19302533006.232086
merged_cds_regulatory,roulette,11,26378.90625,-19014032546.44572
merged_cds_regulatory,roulette,12,25312.5,-17866771098.484497
merged_cds_regulatory,roulette,13,25921.875,-14556541006.761486
merged_cds_regulatory,roulette,14,25500.0,-12384198649.180904
merged_cds_regulatory,roulette,15,26214.84375,-11047369642.440145
merged_cds_regulatory,roulette,16,26144.53125,-11515201181.706848
merged_cds_regulatory,roulette,17,24984.375,-9537720729.730495
merged_cds_regulatory,roulette,18,26015.625,-11405811026.007498
merged_cds_regulatory,roulette,19,27316.40625,-6978753995.786437
merged_cds_regulatory,roulette,20,25816.40625,-8764961930.814842
merged_cds_regulatory,roulette,21,28769.53125,-5490316028.779453
merged_cds_regulatory,roulette,22,26671.875,-4753526169.007434
merged_cds_regulatory,gnomad,1,25851.5625,-29756004006.418755
merged_cds_regulatory,gnomad,2,25968.75,-33131040830.17305
merged_cds_regulatory,gnomad,3,27292.96875,-28282500432.78698
merged_cds_regulatory,gnomad,4,28429.6875,-28641783066.819458
merged_cds_regulatory,gnomad,5,27152.34375,-25652623900.552948
merged_cds_regulatory,gnomad,6,28007.8125,-24911688894.84337
merged_cds_regulatory,gnomad,7,27609.375,-21968141053.562477
merged_cds_regulatory,gnomad,8,28687.5,-22204056194.062393
merged_cds_regulatory,gnomad,9,28171.875,-16542723089.318684
merged_cds_regulatory,gnomad,10,27703.125,-19333124756.88578
merged_cds_regulatory,gnomad,11,27808.59375,-19047007245.141163
merged_cds_regulatory,gnomad,12,26132.8125,-17894882242.977253
merged_cds_regulatory,gnomad,13,27199.21875,-14574097954.10468
merged_cds_regulatory,gnomad,14,26472.65625,-12408003699.777512
merged_cds_regulatory,gnomad,15,27398.4375,-11067150411.972645
merged_cds_regulatory,gnomad,16,30164.0625,-11581571904.842785
merged_cds_regulatory,gnomad,17,25265.625,-9557839137.944395
merged_cds_regulatory,gnomad,18,27175.78125,-11419285514.07648
merged_cds_regulatory,gnomad,19,27703.125,-6999060562.129549
merged_cds_regulatory,gnomad,20,26472.65625,-8780229990.349264
merged_cds_regulatory,gnomad,21,30234.375,-5498628028.23938
merged_cds_regulatory,gnomad,22,27386.71875,-4761958859.384622
merged_cds_regulatory,carlson,1,20015.625,-27605954548.525455
merged_cds_regulatory,carlson,2,19781.25,-30796000448.437733
merged_cds_regulatory,carlson,3,20578.125,-26008621155.95398
merged_cds_regulatory,carlson,4,21046.875,-26694339688.172337
merged_cds_regulatory,carlson,5,20437.5,-23709397822.244003
merged_cds_regulatory,carlson,6,21234.375,-22577320108.19491
merged_cds_regulatory,carlson,7,20859.375,-19669007562.32141
merged_cds_regulatory,carlson,8,21093.75,-19773938271.169693
merged_cds_regulatory,carlson,9,21187.5,-14256392481.292969
merged_cds_regulatory,carlson,10,21421.875,-17094396077.714418
merged_cds_regulatory,carlson,11,21421.875,-17144401445.684208
merged_cds_regulatory,carlson,12,20062.5,-15959430627.422188
merged_cds_regulatory,carlson,13,19968.75,-12715207652.183853
merged_cds_regulatory,carlson,14,19921.875,-10565434620.202028
merged_cds_regulatory,carlson,15,21187.5,-9477481360.0649
merged_cds_regulatory,carlson,16,23578.125,-9584270668.932327
merged_cds_regulatory,carlson,17,20109.375,-7744214098.248207
merged_cds_regulatory,carlson,18,20109.375,-9519945559.288511
merged_cds_regulatory,carlson,19,23367.1875,-4772725752.630576
merged_cds_regulatory,carlson,20,20578.125,-6964684416.078857
merged_cds_regulatory,carlson,21,23109.375,-3881955282.9789658
merged_cds_regulatory,carlson,22,21843.75,-3146685839.811723
split_cds_regulatory,roulette,1,25910.15625,-29707507814.187256
split_cds_regulatory,roulette,2,25359.375,-33064333882.14679
split_cds_regulatory,roulette,3,26519.53125,-28216038227.21306
split_cds_regulatory,roulette,4,27515.625,-28591512502.2181
split_cds_regulatory,roulette,5,26414.0625,-25598421287.200157
split_cds_regulatory,roulette,6,27679.6875,-24878890881.326817
split_cds_regulatory,roulette,7,26953.125,-21910181862.386684
split_cds_regulatory,roulette,8,26578.125,-22091864303.516716
split_cds_regulatory,roulette,9,26578.125,-16492489826.231186
split_cds_regulatory,roulette,10,27328.125,-19303307285.720787
split_cds_regulatory,roulette,11,27105.46875,-19014190199.753124
split_cds_regulatory,roulette,12,26062.5,-17867252229.003235
split_cds_regulatory,roulette,13,26730.46875,-14556779510.124622
split_cds_regulatory,roulette,14,26261.71875,-12384071208.320946
split_cds_regulatory,roulette,15,26953.125,-11048370013.223812
split_cds_regulatory,roulette,16,26847.65625,-11516261439.006706
split_cds_regulatory,roulette,17,25570.3125,-9538119849.771372
split_cds_regulatory,roulette,18,26812.5,-11405863669.319792
split_cds_regulatory,roulette,19,27884.765625,-6978213014.348219
split_cds_regulatory,roulette,20,26566.40625,-8765284253.168755
split_cds_regulatory,roulette,21,29654.296875,-5490277323.428837
split_cds_regulatory,roulette,22,27363.28125,-4753995282.406896
split_cds_regulatory,gnomad,1,26578.125,-29756750541.39988
split_cds_regulatory,gnomad,2,26812.5,-33132552151.98256
split_cds_regulatory,gnomad,3,28148.4375,-28283801570.753025
split_cds_regulatory,gnomad,4,29332.03125,-28642634628.848038
split_cds_regulatory,gnomad,5,28019.53125,-25653536985.49472
split_cds_regulatory,gnomad,6,28898.4375,-24911053313.153534
split_cds_regulatory,gnomad,7,28476.5625,-21969307470.34479
split_cds_regulatory,gnomad,8,29625.0,-22205113988.99444
split_cds_regulatory,gnomad,9,29062.5,-16543722647.722317
split_cds_regulatory,gnomad,10,28570.3125,-19334324908.848373
split_cds_regulatory,gnomad,11,28634.765625,-19047744134.846153
split_cds_regulatory,gnomad,12,26953.125,-17895764556.136417
split_cds_regulatory,gnomad,13,28101.5625,-14574500525.024754
split_cds_regulatory,gnomad,14,27316.40625,-12408161679.20881
split_cds_regulatory,gnomad,15,28218.75,-11068452300.148867
split_cds_regulatory,gnomad,16,31042.96875,-11583651210.712484
split_cds_regulatory,gnomad,17,25910.15625,-9558628030.979202
split_cds_regulatory,gnomad,18,28031.25,-11419459092.405525
split_cds_regulatory,gnomad,19,28306.640625,-6998978936.527092
split_cds_regulatory,gnomad,20,27292.96875,-8780773797.096209
split_cds_regulatory,gnomad,21,31221.6796875,-5498663072.142429
split_cds_regulatory,gnomad,22,28136.71875,-4762582711.064005
split_cds_regulatory,carlson,1,20625.0,-27606163730.147617
split_cds_regulatory,carlson,2,20437.5,-30796865059.307808
split_cds_regulatory,carlson,3,21234.375,-26009055864.02787
split_cds_regulatory,carlson,4,21796.875,-26694755351.17146
split_cds_regulatory,carlson,5,21093.75,-23709868920.194397
split_cds_regulatory,carlson,6,21937.5,-22576180631.724396
split_cds_regulatory,carlson,7,21562.5,-19669530123.047768
split_cds_regulatory,carlson,8,21843.75,-19774502144.155445
split_cds_regulatory,carlson,9,21843.75,-14256811644.082607
split_cds_regulatory,carlson,10,22125.0,-17095115868.61167
split_cds_regulatory,carlson,11,22078.125,-17144362752.353308
split_cds_regulatory,carlson,12,20718.75,-15959796303.88063
split_cds_regulatory,carlson,13,20625.0,-12715438206.830807
split_cds_regulatory,carlson,14,20578.125,-10565469906.934855
split_cds_regulatory,carlson,15,21843.75,-9478351312.875755
split_cds_regulatory,carlson,16,24257.8125,-9585596987.242971
split_cds_regulatory,carlson,17,20625.0,-7744671890.592973
split_cds_regulatory,carlson,18,20765.625,-9519987927.22969
split_cds_regulatory,carlson,19,23835.9375,-4772447299.489178
split_cds_regulatory,carlson,20,21234.375,-6964883342.099213
split_cds_regulatory,carlson,21,23882.8125,-3881985544.8266077
split_cds_regulatory,carlson,22,22476.5625,-3147032733.6054173
merged_cds_phastcons,roulette,1,33878.90625,-29663472218.779076
merged_cds_phastcons,roulette,2,32144.53125,-33027009281.90564
merged_cds_phastcons,roulette,3,33779.296875,-28190455428.243248
merged_cds_phastcons,roulette,4,32507.8125,-28560317108.11274
merged_cds_phastcons,roulette,5,32876.953125,-25580747702.748646
merged_cds_phastcons,roulette,6,35296.875,-24842222651.948555
merged_cds_phastcons,roulette,7,33338.37890625,-21864523226.410637
merged_cds_phastcons,roulette,8,32228.02734375,-22054340789.455
merged_cds_phastcons,roulette,9,33199.21875,-16473407693.325886
merged_cds_phastcons,roulette,10,33714.84375,-19275168781.03506
merged_cds_phastcons,roulette,11,33843.75,-18994054993.09113
merged_cds_phastcons,roulette,12,32906.25,-17841293542.0888
merged_cds_phastcons,roulette,13,31283.203125,-14541679408.551409
merged_cds_phastcons,roulette,14,32441.89453125,-12378552355.894545
merged_cds_phastcons,roulette,15,34576.171875,-11027184377.766891
merged_cds_phastcons,roulette,16,31054.6875,-11495582583.452213
merged_cds_phastcons,roulette,17,31913.0859375,-9517439406.194304
merged_cds_phastcons,roulette,18,31869.140625,-11386641463.807535
merged_cds_phastcons,roulette,19,31631.8359375,-6964155928.491852
merged_cds_phastcons,roulette,20,32478.515625,-8753533483.297579
merged_cds_phastcons,roulette,21,32748.046875,-5483564425.093319
merged_cds_phastcons,roulette,22,32666.015625,-4735882764.764767
merged_cds_phastcons,gnomad,1,35021.484375,-29693949403.511932
merged_cds_phastcons,gnomad,2,34130.859375,-33070692633.220886
merged_cds_phastcons,gnomad,3,36093.75,-28229974147.728374
merged_cds_phastcons,gnomad,4,34916.015625,-28587916654.905586
merged_cds_phastcons,gnomad,5,35103.515625,-25615467179.20869
merged_cds_phastcons,gnomad,6,37037.109375,-24858314107.912964
merged_cds_phastcons,gnomad,7,35513.671875,-21904626549.182755
merged_cds_phastcons,gnomad,8,36638.671875,-22122065000.050335
merged_cds_phastcons,gnomad,9,36457.03125,-16503506119.149166
merged_cds_phastcons,gnomad,10,35490.234375,-19290739931.40953
merged_cds_phastcons,gnomad,11,36070.3125,-19007856185.728394
merged_cds_phastcons,gnomad,12,34218.75,-17859604187.421894
merged_cds_phastcons,gnomad,13,33019.04296875,-14550866073.731327
merged_cds_phastcons,gnomad,14,33937.5,-12394238642.829828
merged_cds_phastcons,gnomad,15,36357.421875,-11039954811.460869
merged_cds_phastcons,gnomad,16,36169.921875,-11544230936.3531
merged_cds_phastcons,gnomad,17,32431.640625,-9533409454.900158
merged_cds_phastcons,gnomad,18,33451.171875,-11394442097.408377
merged_cds_phastcons,gnomad,19,31860.3515625,-6986502192.196751
merged_cds_phastcons,gnomad,20,33515.625,-8764300954.626364
merged_cds_phastcons,gnomad,21,34623.046875,-5488870396.91679
merged_cds_phastcons,gnomad,22,33656.25,-4742292888.425409
merged_cds_phastcons,carlson,1,28211.42578125,-27559121700.385017
merged_cds_phastcons,carlson,2,26821.2890625,-30764232562.39472
merged_cds_phastcons,carlson,3,28015.13671875,-25983582393.824474
merged_cds_phastcons,carlson,4,26408.203125,-26662799361.887596
merged_cds_phastcons,carlson,5,27187.5,-23699053436.69043
merged_cds_phastcons,carlson,6,29200.1953125,-22539600212.300743
merged_cds_phastcons,carlson,7,27829.1015625,-19621201679.629166
merged_cds_phastcons,carlson,8,28019.53125,-19716982222.95632
merged_cds_phastcons,carlson,9,28441.40625,-14232084318.390705
merged_cds_phastcons,carlson,10,28658.203125,-17063575065.617466
merged_cds_phastcons,carlson,11,28593.75,-17120957687.54094
merged_cds_phastcons,carlson,12,27392.578125,-15934872944.467472
merged_cds_phastcons,carlson,13,24873.046875,-12703504976.01991
merged_cds_phastcons,carlson,14,26138.671875,-10565455299.974092
merged_cds_phastcons,carlson,15,29291.015625,-9460892392.152452
merged_cds_phastcons,carlson,16,29244.140625,-9550992459.928024
merged_cds_phastcons,carlson,17,26947.265625,-7724125359.621642
merged_cds_phastcons,carlson,18,25763.671875,-9502394793.725395
merged_cds_phastcons,carlson,19,28306.640625,-4759414865.050799
merged_cds_phastcons,carlson,20,27134.765625,-6953225920.227628
merged_cds_phastcons,carlson,21,26724.609375,-3877529850.171599
merged_cds_phastcons,carlson,22,29250.0,-3129610733.9491415
split_cds_phastcons,roulette,1,34851.5625,-29661367783.44425
split_cds_phastcons,roulette,2,33134.765625,-33025815426.450806
split_cds_phastcons,roulette,3,34816.40625,-28188968035.67273
split_cds_phastcons,roulette,4,33539.0625,-28559659886.78303
split_cds_phastcons,roulette,5,33914.0625,-25579816178.22747
split_cds_phastcons,roulette,6,36398.4375,-24840018946.839317
split_cds_phastcons,roulette,7,34359.375,-21864247429.77363
split_cds_phastcons,roulette,8,33246.09375,-22054045662.889698
split_cds_phastcons,roulette,9,34242.1875,-16473057292.21598
split_cds_phastcons,roulette,10,34781.25,-19274724525.849632
split_cds_phastcons,roulette,11,34804.6875,-18992786021.446648
split_cds_phastcons,roulette,12,33914.0625,-17840428355.10086
split_cds_phastcons,roulette,13,32285.15625,-14541535368.67984
split_cds_phastcons,roulette,14,33462.890625,-12377724654.104982
split_cds_phastcons,roulette,15,35636.71875,-11026775398.158718
split_cds_phastcons,roulette,16,31968.75,-11495266087.946167
split_cds_phastcons,roulette,17,32753.90625,-9516747386.934135
split_cds_phastcons,roulette,18,32894.53125,-11386295584.44027
split_cds_phastcons,roulette,19,32320.3125,-6963158842.680405
split_cds_phastcons,roulette,20,33474.609375,-8753098175.17579
split_cds_phastcons,roulette,21,33773.4375,-5483354281.405383
split_cds_phastcons,roulette,22,33597.65625,-4735516715.231716
split_cds_phastcons,gnomad,1,36070.3125,-29692245037.493057
split_cds_phastcons,gnomad,2,35226.5625,-33069828554.687862
split_cds_phastcons,gnomad,3,37265.625,-28228900271.362312
split_cds_phastcons,gnomad,4,36070.3125,-28587449757.898613
split_cds_phastcons,gnomad,5,36257.8125,-25614736009.646027
split_cds_phastcons,gnomad,6,38273.4375,-24856272908.146454
split_cds_phastcons,gnomad,7,36656.25,-21904714111.219475
split_cds_phastcons,gnomad,8,37804.6875,-22122097253.851715
split_cds_phastcons,gnomad,9,37687.5,-16503569124.19748
split_cds_phastcons,gnomad,10,36679.6875,-19290468751.186924
split_cds_phastcons,gnomad,11,37195.3125,-19006936594.05789
split_cds_phastcons,gnomad,12,35332.03125,-17858970271.24157
split_cds_phastcons,gnomad,13,34148.4375,-14550767818.125776
split_cds_phastcons,gnomad,14,35062.5,-12393580750.494484
split_cds_phastcons,gnomad,15,37546.875,-11039706327.922405
split_cds_phastcons,gnomad,16,37265.625,-11544641938.061687
split_cds_phastcons,gnomad,17,33316.40625,-9533038932.938156
split_cds_phastcons,gnomad,18,34593.75,-11394139966.200472
split_cds_phastcons,gnomad,19,32583.984375,-6985985535.058451
split_cds_phastcons,gnomad,20,34605.46875,-8763996782.547436
split_cds_phastcons,gnomad,21,35777.34375,-5488718815.909847
split_cds_phastcons,gnomad,22,34675.78125,-4742060331.118281
split_cds_phastcons,carlson,1,29109.375,-27556777081.52088
split_cds_phastcons,carlson,2,27726.5625,-30762733838.208023
split_cds_phastcons,carlson,3,28951.171875,-25982241199.259068
split_cds_phastcons,carlson,4,27304.6875,-26661871645.23194
split_cds_phastcons,carlson,5,28148.4375,-23698028390.388054
split_cds_phastcons,carlson,6,30175.78125,-22537196962.060547
split_cds_phastcons,carlson,7,28751.953125,-19620733238.615005
split_cds_phastcons,carlson,8,29015.625,-19716425636.21592
split_cds_phastcons,carlson,9,29408.203125,-14231389628.538591
split_cds_phastcons,carlson,10,29613.28125,-17062995842.822697
split_cds_phastcons,carlson,11,29507.8125,-17119355291.167374
split_cds_phastcons,carlson,12,28306.640625,-15933881036.595272
split_cds_phastcons,carlson,13,25746.09375,-12703360656.595966
split_cds_phastcons,carlson,14,27070.3125,-10564843296.792473
split_cds_phastcons,carlson,15,30284.1796875,-9460469443.105003
split_cds_phastcons,carlson,16,30222.65625,-9550523089.847672
split_cds_phastcons,carlson,17,27773.4375,-7723352392.441521
split_cds_phastcons,carlson,18,26648.4375,-9502041204.90203
split_cds_phastcons,carlson,19,28939.453125,-4758577390.572974
split_cds_phastcons,carlson,20,28060.546875,-6952621105.475089
split_cds_phastcons,carlson,21,27656.25,-3877382306.8467374
split_cds_phastcons,carlson,22,30187.5,-3129283170.1670766
